file,line,type,commit,author,date,time,timezone,datetime,depth,length
style.css,1,css,21914fa6,AndresRiera,2025-01-14,17:27:31,-08:00,2025-01-14T17:27:31-08:00,0,0
style.css,2,css,e3ee35d9,AndresRiera,2025-01-14,17:20:18,-08:00,2025-01-14T17:20:18-08:00,0,6
style.css,3,css,e3ee35d9,AndresRiera,2025-01-14,17:20:18,-08:00,2025-01-14T17:20:18-08:00,0,32
style.css,4,css,b06b1fda,AndresRiera,2025-01-22,20:51:42,-08:00,2025-01-22T20:51:42-08:00,0,24
style.css,5,css,b06b1fda,AndresRiera,2025-01-22,20:51:42,-08:00,2025-01-22T20:51:42-08:00,0,49
style.css,6,css,21914fa6,AndresRiera,2025-01-14,17:27:31,-08:00,2025-01-14T17:27:31-08:00,0,0
style.css,7,css,e3ee35d9,AndresRiera,2025-01-14,17:20:18,-08:00,2025-01-14T17:20:18-08:00,0,0
style.css,8,css,e3ee35d9,AndresRiera,2025-01-14,17:20:18,-08:00,2025-01-14T17:20:18-08:00,0,5
style.css,9,css,e3ee35d9,AndresRiera,2025-01-14,17:20:18,-08:00,2025-01-14T17:20:18-08:00,0,33
style.css,10,css,21914fa6,AndresRiera,2025-01-14,17:27:31,-08:00,2025-01-14T17:27:31-08:00,0,0
style.css,11,css,420e4a1a,AndresRiera,2025-01-15,10:39:58,-08:00,2025-01-15T10:39:58-08:00,0,0
style.css,12,css,5a0b9ec2,AndresRiera,2025-01-14,07:39:29,-08:00,2025-01-14T07:39:29-08:00,0,5
style.css,13,css,21914fa6,AndresRiera,2025-01-14,17:27:31,-08:00,2025-01-14T17:27:31-08:00,0,24
style.css,14,css,21914fa6,AndresRiera,2025-01-14,17:27:31,-08:00,2025-01-14T17:27:31-08:00,0,16
style.css,15,css,420e4a1a,AndresRiera,2025-01-15,10:39:58,-08:00,2025-01-15T10:39:58-08:00,0,43
style.css,16,css,21914fa6,AndresRiera,2025-01-14,17:27:31,-08:00,2025-01-14T17:27:31-08:00,0,15
style.css,17,css,21914fa6,AndresRiera,2025-01-14,17:27:31,-08:00,2025-01-14T17:27:31-08:00,0,0
style.css,18,css,21914fa6,AndresRiera,2025-01-14,17:27:31,-08:00,2025-01-14T17:27:31-08:00,0,6
style.css,19,css,21914fa6,AndresRiera,2025-01-14,17:27:31,-08:00,2025-01-14T17:27:31-08:00,0,7
style.css,20,css,21914fa6,AndresRiera,2025-01-14,17:27:31,-08:00,2025-01-14T17:27:31-08:00,0,17
style.css,21,css,21914fa6,AndresRiera,2025-01-14,17:27:31,-08:00,2025-01-14T17:27:31-08:00,0,0
style.css,22,css,21914fa6,AndresRiera,2025-01-14,17:27:31,-08:00,2025-01-14T17:27:31-08:00,0,4
style.css,23,css,21914fa6,AndresRiera,2025-01-14,17:27:31,-08:00,2025-01-14T17:27:31-08:00,0,13
style.css,24,css,21914fa6,AndresRiera,2025-01-14,17:27:31,-08:00,2025-01-14T17:27:31-08:00,0,19
style.css,25,css,21914fa6,AndresRiera,2025-01-14,17:27:31,-08:00,2025-01-14T17:27:31-08:00,0,42
style.css,26,css,b06b1fda,AndresRiera,2025-01-22,20:51:42,-08:00,2025-01-22T20:51:42-08:00,0,40
style.css,27,css,b06b1fda,AndresRiera,2025-01-22,20:51:42,-08:00,2025-01-22T20:51:42-08:00,0,40
style.css,28,css,21914fa6,AndresRiera,2025-01-14,17:27:31,-08:00,2025-01-14T17:27:31-08:00,0,0
style.css,29,css,21914fa6,AndresRiera,2025-01-14,17:27:31,-08:00,2025-01-14T17:27:31-08:00,0,0
style.css,30,css,21914fa6,AndresRiera,2025-01-14,17:27:31,-08:00,2025-01-14T17:27:31-08:00,0,6
style.css,31,css,21914fa6,AndresRiera,2025-01-14,17:27:31,-08:00,2025-01-14T17:27:31-08:00,0,7
style.css,32,css,21914fa6,AndresRiera,2025-01-14,17:27:31,-08:00,2025-01-14T17:27:31-08:00,0,21
style.css,33,css,21914fa6,AndresRiera,2025-01-14,17:27:31,-08:00,2025-01-14T17:27:31-08:00,0,14
style.css,34,css,21914fa6,AndresRiera,2025-01-14,17:27:31,-08:00,2025-01-14T17:27:31-08:00,0,18
style.css,35,css,21914fa6,AndresRiera,2025-01-14,17:27:31,-08:00,2025-01-14T17:27:31-08:00,0,14
style.css,36,css,21914fa6,AndresRiera,2025-01-14,17:27:31,-08:00,2025-01-14T17:27:31-08:00,0,0
style.css,37,css,1bc60137,AndresRiera,2025-01-14,17:41:39,-08:00,2025-01-14T17:41:39-08:00,0,14
style.css,38,css,affc5755,AndresRiera,2025-01-14,18:07:04,-08:00,2025-01-14T18:07:04-08:00,0,44
style.css,39,css,affc5755,AndresRiera,2025-01-14,18:07:04,-08:00,2025-01-14T18:07:04-08:00,0,21
style.css,40,css,21914fa6,AndresRiera,2025-01-14,17:27:31,-08:00,2025-01-14T17:27:31-08:00,0,0
style.css,41,css,1bc60137,AndresRiera,2025-01-14,17:41:39,-08:00,2025-01-14T17:41:39-08:00,0,12
style.css,42,css,21914fa6,AndresRiera,2025-01-14,17:27:31,-08:00,2025-01-14T17:27:31-08:00,0,46
style.css,43,css,b06b1fda,AndresRiera,2025-01-22,20:51:42,-08:00,2025-01-22T20:51:42-08:00,0,70
style.css,44,css,21914fa6,AndresRiera,2025-01-14,17:27:31,-08:00,2025-01-14T17:27:31-08:00,0,21
style.css,45,css,8ecaf421,AndresRiera,2025-01-14,17:29:32,-08:00,2025-01-14T17:29:32-08:00,0,0
style.css,46,css,8ecaf421,AndresRiera,2025-01-14,17:29:32,-08:00,2025-01-14T17:29:32-08:00,0,24
style.css,47,css,8ecaf421,AndresRiera,2025-01-14,17:29:32,-08:00,2025-01-14T17:29:32-08:00,0,13
style.css,48,css,ff1ca046,AndresRiera,2025-01-14,17:33:30,-08:00,2025-01-14T17:33:30-08:00,0,0
style.css,49,css,1bc60137,AndresRiera,2025-01-14,17:41:39,-08:00,2025-01-14T17:41:39-08:00,0,0
style.css,50,css,1bc60137,AndresRiera,2025-01-14,17:41:39,-08:00,2025-01-14T17:41:39-08:00,0,5
style.css,51,css,2620b7e2,AndresRiera,2025-01-14,18:09:04,-08:00,2025-01-14T18:09:04-08:00,0,13
style.css,52,css,d25a63c6,AndresRiera,2025-01-15,15:58:16,-08:00,2025-01-15T15:58:16-08:00,0,31
style.css,53,css,98f4a2bc,AndresRiera,2025-01-15,16:01:31,-08:00,2025-01-15T16:01:31-08:00,0,8
style.css,54,css,b06b1fda,AndresRiera,2025-01-22,20:51:42,-08:00,2025-01-22T20:51:42-08:00,0,19
style.css,55,css,98f4a2bc,AndresRiera,2025-01-15,16:01:31,-08:00,2025-01-15T16:01:31-08:00,0,0
style.css,56,css,efd2f2d5,AndresRiera,2025-01-15,16:08:53,-08:00,2025-01-15T16:08:53-08:00,0,6
style.css,57,css,98f4a2bc,AndresRiera,2025-01-15,16:01:31,-08:00,2025-01-15T16:01:31-08:00,0,13
style.css,58,css,98f4a2bc,AndresRiera,2025-01-15,16:01:31,-08:00,2025-01-15T16:01:31-08:00,0,30
style.css,59,css,b06b1fda,AndresRiera,2025-01-22,20:51:42,-08:00,2025-01-22T20:51:42-08:00,0,17
style.css,60,css,98f4a2bc,AndresRiera,2025-01-15,16:01:31,-08:00,2025-01-15T16:01:31-08:00,0,0
style.css,61,css,efd2f2d5,AndresRiera,2025-01-15,16:08:53,-08:00,2025-01-15T16:08:53-08:00,0,16
style.css,62,css,e68f25d1,AndresRiera,2025-01-15,16:05:23,-08:00,2025-01-15T16:05:23-08:00,0,14
style.css,63,css,b06b1fda,AndresRiera,2025-01-22,20:51:42,-08:00,2025-01-22T20:51:42-08:00,0,11
style.css,64,css,98f4a2bc,AndresRiera,2025-01-15,16:01:31,-08:00,2025-01-15T16:01:31-08:00,0,0
style.css,65,css,98f4a2bc,AndresRiera,2025-01-15,16:01:31,-08:00,2025-01-15T16:01:31-08:00,0,7
style.css,66,css,98f4a2bc,AndresRiera,2025-01-15,16:01:31,-08:00,2025-01-15T16:01:31-08:00,0,19
style.css,67,css,b1277bf1,AndresRiera,2025-01-15,15:57:07,-08:00,2025-01-15T15:57:07-08:00,0,0
style.css,68,css,6ca5cead,AndresRiera,2025-01-15,16:10:51,-08:00,2025-01-15T16:10:51-08:00,0,0
style.css,69,css,e286c6ef,AndresRiera,2025-01-15,10:04:39,-08:00,2025-01-15T10:04:39-08:00,0,10
style.css,70,css,e286c6ef,AndresRiera,2025-01-15,10:04:39,-08:00,2025-01-15T10:04:39-08:00,0,13
style.css,71,css,5f916980,AndresRiera,2025-01-16,09:51:13,-08:00,2025-01-16T09:51:13-08:00,0,59
style.css,72,css,8348a92a,AndresRiera,2025-01-15,10:22:33,-08:00,2025-01-15T10:22:33-08:00,0,8
style.css,73,css,8348a92a,AndresRiera,2025-01-15,10:22:33,-08:00,2025-01-15T10:22:33-08:00,0,12
style.css,74,css,e286c6ef,AndresRiera,2025-01-15,10:04:39,-08:00,2025-01-15T10:04:39-08:00,0,0
style.css,75,css,7ba204a2,AndresRiera,2025-01-15,10:10:06,-08:00,2025-01-15T10:10:06-08:00,0,18
style.css,76,css,7ba204a2,AndresRiera,2025-01-15,10:10:06,-08:00,2025-01-15T10:10:06-08:00,0,13
style.css,77,css,8348a92a,AndresRiera,2025-01-15,10:22:33,-08:00,2025-01-15T10:22:33-08:00,0,27
style.css,78,css,8348a92a,AndresRiera,2025-01-15,10:22:33,-08:00,2025-01-15T10:22:33-08:00,0,16
style.css,79,css,8348a92a,AndresRiera,2025-01-15,10:22:33,-08:00,2025-01-15T10:22:33-08:00,0,10
style.css,80,css,8348a92a,AndresRiera,2025-01-15,10:22:33,-08:00,2025-01-15T10:22:33-08:00,0,22
style.css,81,css,7ba204a2,AndresRiera,2025-01-15,10:10:06,-08:00,2025-01-15T10:10:06-08:00,0,12
style.css,82,css,7ba204a2,AndresRiera,2025-01-15,10:10:06,-08:00,2025-01-15T10:10:06-08:00,0,0
style.css,83,css,7ba204a2,AndresRiera,2025-01-15,10:10:06,-08:00,2025-01-15T10:10:06-08:00,0,0
style.css,84,css,7ba204a2,AndresRiera,2025-01-15,10:10:06,-08:00,2025-01-15T10:10:06-08:00,0,21
style.css,85,css,8348a92a,AndresRiera,2025-01-15,10:22:33,-08:00,2025-01-15T10:22:33-08:00,0,9
style.css,86,css,8348a92a,AndresRiera,2025-01-15,10:22:33,-08:00,2025-01-15T10:22:33-08:00,0,18
style.css,87,css,7ba204a2,AndresRiera,2025-01-15,10:10:06,-08:00,2025-01-15T10:10:06-08:00,0,0
style.css,88,css,7ba204a2,AndresRiera,2025-01-15,10:10:06,-08:00,2025-01-15T10:10:06-08:00,0,0
style.css,89,css,7ba204a2,AndresRiera,2025-01-15,10:10:06,-08:00,2025-01-15T10:10:06-08:00,0,22
style.css,90,css,8348a92a,AndresRiera,2025-01-15,10:22:33,-08:00,2025-01-15T10:22:33-08:00,0,15
style.css,91,css,7ba204a2,AndresRiera,2025-01-15,10:10:06,-08:00,2025-01-15T10:10:06-08:00,0,12
style.css,92,css,7ba204a2,AndresRiera,2025-01-15,10:10:06,-08:00,2025-01-15T10:10:06-08:00,0,0
style.css,93,css,7ba204a2,AndresRiera,2025-01-15,10:10:06,-08:00,2025-01-15T10:10:06-08:00,0,0
style.css,94,css,7ba204a2,AndresRiera,2025-01-15,10:10:06,-08:00,2025-01-15T10:10:06-08:00,0,20
style.css,95,css,8348a92a,AndresRiera,2025-01-15,10:22:33,-08:00,2025-01-15T10:22:33-08:00,0,9
style.css,96,css,8348a92a,AndresRiera,2025-01-15,10:22:33,-08:00,2025-01-15T10:22:33-08:00,0,0
style.css,97,css,8348a92a,AndresRiera,2025-01-15,10:22:33,-08:00,2025-01-15T10:22:33-08:00,0,0
style.css,98,css,8348a92a,AndresRiera,2025-01-15,10:22:33,-08:00,2025-01-15T10:22:33-08:00,0,23
style.css,99,css,8348a92a,AndresRiera,2025-01-15,10:22:33,-08:00,2025-01-15T10:22:33-08:00,0,16
style.css,100,css,8348a92a,AndresRiera,2025-01-15,10:22:33,-08:00,2025-01-15T10:22:33-08:00,0,18
style.css,101,css,8348a92a,AndresRiera,2025-01-15,10:22:33,-08:00,2025-01-15T10:22:33-08:00,0,9
style.css,102,css,8348a92a,AndresRiera,2025-01-15,10:22:33,-08:00,2025-01-15T10:22:33-08:00,0,0
style.css,103,css,8348a92a,AndresRiera,2025-01-15,10:22:33,-08:00,2025-01-15T10:22:33-08:00,0,0
style.css,104,css,8348a92a,AndresRiera,2025-01-15,10:22:33,-08:00,2025-01-15T10:22:33-08:00,0,0
style.css,105,css,8348a92a,AndresRiera,2025-01-15,10:22:33,-08:00,2025-01-15T10:22:33-08:00,0,3
style.css,106,css,8348a92a,AndresRiera,2025-01-15,10:22:33,-08:00,2025-01-15T10:22:33-08:00,0,15
style.css,107,css,8348a92a,AndresRiera,2025-01-15,10:22:33,-08:00,2025-01-15T10:22:33-08:00,0,18
style.css,108,css,8348a92a,AndresRiera,2025-01-15,10:22:33,-08:00,2025-01-15T10:22:33-08:00,0,0
style.css,109,css,8348a92a,AndresRiera,2025-01-15,10:22:33,-08:00,2025-01-15T10:22:33-08:00,0,0
style.css,110,css,8348a92a,AndresRiera,2025-01-15,10:22:33,-08:00,2025-01-15T10:22:33-08:00,0,0
style.css,111,css,8348a92a,AndresRiera,2025-01-15,10:22:33,-08:00,2025-01-15T10:22:33-08:00,0,3
style.css,112,css,8348a92a,AndresRiera,2025-01-15,10:22:33,-08:00,2025-01-15T10:22:33-08:00,0,15
style.css,113,css,8348a92a,AndresRiera,2025-01-15,10:22:33,-08:00,2025-01-15T10:22:33-08:00,0,20
style.css,114,css,7ba204a2,AndresRiera,2025-01-15,10:10:06,-08:00,2025-01-15T10:10:06-08:00,0,0
style.css,115,css,8e1f7a39,AndresRiera,2025-01-15,15:35:03,-08:00,2025-01-15T15:35:03-08:00,0,0
style.css,116,css,bd29351f,AndresRiera,2025-01-15,15:38:52,-08:00,2025-01-15T15:38:52-08:00,0,16
style.css,117,css,e33517f6,AndresRiera,2025-01-15,15:42:53,-08:00,2025-01-15T15:42:53-08:00,0,14
style.css,118,css,8e1f7a39,AndresRiera,2025-01-15,15:35:03,-08:00,2025-01-15T15:35:03-08:00,0,0
style.css,119,css,8e1f7a39,AndresRiera,2025-01-15,15:35:03,-08:00,2025-01-15T15:35:03-08:00,0,0
style.css,120,css,bd29351f,AndresRiera,2025-01-15,15:38:52,-08:00,2025-01-15T15:38:52-08:00,0,16
style.css,121,css,e33517f6,AndresRiera,2025-01-15,15:42:53,-08:00,2025-01-15T15:42:53-08:00,0,14
style.css,122,css,bd29351f,AndresRiera,2025-01-15,15:38:52,-08:00,2025-01-15T15:38:52-08:00,0,0
style.css,123,css,bd29351f,AndresRiera,2025-01-15,15:38:52,-08:00,2025-01-15T15:38:52-08:00,0,16
style.css,124,css,bd29351f,AndresRiera,2025-01-15,15:38:52,-08:00,2025-01-15T15:38:52-08:00,0,12
style.css,125,css,e33517f6,AndresRiera,2025-01-15,15:42:53,-08:00,2025-01-15T15:42:53-08:00,0,30
style.css,126,css,bd29351f,AndresRiera,2025-01-15,15:38:52,-08:00,2025-01-15T15:38:52-08:00,0,13
style.css,127,css,bd29351f,AndresRiera,2025-01-15,15:38:52,-08:00,2025-01-15T15:38:52-08:00,0,11
style.css,128,css,b06b1fda,AndresRiera,2025-01-22,20:51:42,-08:00,2025-01-22T20:51:42-08:00,0,0
style.css,129,css,b06b1fda,AndresRiera,2025-01-22,20:51:42,-08:00,2025-01-22T20:51:42-08:00,0,0
style.css,130,css,b06b1fda,AndresRiera,2025-01-22,20:51:42,-08:00,2025-01-22T20:51:42-08:00,0,19
style.css,131,css,b06b1fda,AndresRiera,2025-01-22,20:51:42,-08:00,2025-01-22T20:51:42-08:00,0,18
style.css,132,css,b06b1fda,AndresRiera,2025-01-22,20:51:42,-08:00,2025-01-22T20:51:42-08:00,0,9
style.css,133,css,b06b1fda,AndresRiera,2025-01-22,20:51:42,-08:00,2025-01-22T20:51:42-08:00,0,11
style.css,134,css,b06b1fda,AndresRiera,2025-01-22,20:51:42,-08:00,2025-01-22T20:51:42-08:00,0,14
style.css,135,css,b06b1fda,AndresRiera,2025-01-22,20:51:42,-08:00,2025-01-22T20:51:42-08:00,0,20
style.css,136,css,b06b1fda,AndresRiera,2025-01-22,20:51:42,-08:00,2025-01-22T20:51:42-08:00,0,13
style.css,137,css,b06b1fda,AndresRiera,2025-01-22,20:51:42,-08:00,2025-01-22T20:51:42-08:00,0,19
style.css,138,css,b06b1fda,AndresRiera,2025-01-22,20:51:42,-08:00,2025-01-22T20:51:42-08:00,0,11
style.css,139,css,b06b1fda,AndresRiera,2025-01-22,20:51:42,-08:00,2025-01-22T20:51:42-08:00,0,15
style.css,140,css,b06b1fda,AndresRiera,2025-01-22,20:51:42,-08:00,2025-01-22T20:51:42-08:00,0,22
style.css,141,css,b06b1fda,AndresRiera,2025-01-22,20:51:42,-08:00,2025-01-22T20:51:42-08:00,0,12
style.css,142,css,b06b1fda,AndresRiera,2025-01-22,20:51:42,-08:00,2025-01-22T20:51:42-08:00,0,0
style.css,143,css,b06b1fda,AndresRiera,2025-01-22,20:51:42,-08:00,2025-01-22T20:51:42-08:00,0,0
style.css,144,css,b06b1fda,AndresRiera,2025-01-22,20:51:42,-08:00,2025-01-22T20:51:42-08:00,0,26
style.css,145,css,b06b1fda,AndresRiera,2025-01-22,20:51:42,-08:00,2025-01-22T20:51:42-08:00,0,13
style.css,146,css,b06b1fda,AndresRiera,2025-01-22,20:51:42,-08:00,2025-01-22T20:51:42-08:00,0,15
style.css,147,css,b06b1fda,AndresRiera,2025-01-22,20:51:42,-08:00,2025-01-22T20:51:42-08:00,0,22
style.css,148,css,b06b1fda,AndresRiera,2025-01-22,20:51:42,-08:00,2025-01-22T20:51:42-08:00,0,22
style.css,149,css,bb90600f,AndresRiera,2025-01-31,09:41:36,-08:00,2025-01-31T09:41:36-08:00,0,0
style.css,150,css,bb90600f,AndresRiera,2025-01-31,09:41:36,-08:00,2025-01-31T09:41:36-08:00,0,0
style.css,151,css,c39a16eb,AndresRiera,2025-01-31,12:19:01,-08:00,2025-01-31T12:19:01-08:00,0,15
style.css,152,css,c39a16eb,AndresRiera,2025-01-31,12:19:01,-08:00,2025-01-31T12:19:01-08:00,0,19
style.css,153,css,c39a16eb,AndresRiera,2025-01-31,12:19:01,-08:00,2025-01-31T12:19:01-08:00,0,43
style.css,154,css,bb90600f,AndresRiera,2025-01-31,09:41:36,-08:00,2025-01-31T09:41:36-08:00,0,9
style.css,155,css,bb90600f,AndresRiera,2025-01-31,09:41:36,-08:00,2025-01-31T09:41:36-08:00,0,13
style.css,156,css,bb90600f,AndresRiera,2025-01-31,09:41:36,-08:00,2025-01-31T09:41:36-08:00,0,22
style.css,157,css,bb90600f,AndresRiera,2025-01-31,09:41:36,-08:00,2025-01-31T09:41:36-08:00,0,18
style.css,158,css,bb90600f,AndresRiera,2025-01-31,09:41:36,-08:00,2025-01-31T09:41:36-08:00,0,16
style.css,159,css,bb90600f,AndresRiera,2025-01-31,09:41:36,-08:00,2025-01-31T09:41:36-08:00,0,17
style.css,160,css,bb90600f,AndresRiera,2025-01-31,09:41:36,-08:00,2025-01-31T09:41:36-08:00,0,0
style.css,161,css,bb90600f,AndresRiera,2025-01-31,09:41:36,-08:00,2025-01-31T09:41:36-08:00,0,0
style.css,162,css,bb90600f,AndresRiera,2025-01-31,09:41:36,-08:00,2025-01-31T09:41:36-08:00,0,18
style.css,163,css,bb90600f,AndresRiera,2025-01-31,09:41:36,-08:00,2025-01-31T09:41:36-08:00,0,17
style.css,164,css,bb90600f,AndresRiera,2025-01-31,09:41:36,-08:00,2025-01-31T09:41:36-08:00,0,11
style.css,165,css,bb90600f,AndresRiera,2025-01-31,09:41:36,-08:00,2025-01-31T09:41:36-08:00,0,0
style.css,166,css,bb90600f,AndresRiera,2025-01-31,09:41:36,-08:00,2025-01-31T09:41:36-08:00,0,0
style.css,167,css,bb90600f,AndresRiera,2025-01-31,09:41:36,-08:00,2025-01-31T09:41:36-08:00,0,18
style.css,168,css,bb90600f,AndresRiera,2025-01-31,09:41:36,-08:00,2025-01-31T09:41:36-08:00,0,9
style.css,169,css,bb90600f,AndresRiera,2025-01-31,09:41:36,-08:00,2025-01-31T09:41:36-08:00,0,11
style.css,170,css,ab9c7f66,AndresRiera,2025-02-07,12:14:40,-08:00,2025-02-07T12:14:40-08:00,0,0
style.css,171,css,ab9c7f66,AndresRiera,2025-02-07,12:14:40,-08:00,2025-02-07T12:14:40-08:00,0,0
style.css,172,css,ab9c7f66,AndresRiera,2025-02-07,12:14:40,-08:00,2025-02-07T12:14:40-08:00,0,17
style.css,173,css,ab9c7f66,AndresRiera,2025-02-07,12:14:40,-08:00,2025-02-07T12:14:40-08:00,0,74
style.css,174,css,ab9c7f66,AndresRiera,2025-02-07,12:14:40,-08:00,2025-02-07T12:14:40-08:00,0,16
style.css,175,css,ab9c7f66,AndresRiera,2025-02-07,12:14:40,-08:00,2025-02-07T12:14:40-08:00,0,0
style.css,176,css,ab9c7f66,AndresRiera,2025-02-07,12:14:40,-08:00,2025-02-07T12:14:40-08:00,0,0
style.css,177,css,ab9c7f66,AndresRiera,2025-02-07,12:14:40,-08:00,2025-02-07T12:14:40-08:00,0,14
style.css,178,css,ab9c7f66,AndresRiera,2025-02-07,12:14:40,-08:00,2025-02-07T12:14:40-08:00,0,14
style.css,179,css,ab9c7f66,AndresRiera,2025-02-07,12:14:40,-08:00,2025-02-07T12:14:40-08:00,0,11
style.css,180,css,ab9c7f66,AndresRiera,2025-02-07,12:14:40,-08:00,2025-02-07T12:14:40-08:00,0,16
style.css,181,css,ab9c7f66,AndresRiera,2025-02-07,12:14:40,-08:00,2025-02-07T12:14:40-08:00,0,67
style.css,182,css,ab9c7f66,AndresRiera,2025-02-07,12:14:40,-08:00,2025-02-07T12:14:40-08:00,0,67
style.css,183,css,ab9c7f66,AndresRiera,2025-02-07,12:14:40,-08:00,2025-02-07T12:14:40-08:00,0,0
style.css,184,css,ab9c7f66,AndresRiera,2025-02-07,12:14:40,-08:00,2025-02-07T12:14:40-08:00,0,0
style.css,185,css,ab9c7f66,AndresRiera,2025-02-07,12:14:40,-08:00,2025-02-07T12:14:40-08:00,0,14
style.css,186,css,ab9c7f66,AndresRiera,2025-02-07,12:14:40,-08:00,2025-02-07T12:14:40-08:00,0,17
style.css,187,css,ab9c7f66,AndresRiera,2025-02-07,12:14:40,-08:00,2025-02-07T12:14:40-08:00,0,11
style.css,188,css,ab9c7f66,AndresRiera,2025-02-07,12:14:40,-08:00,2025-02-07T12:14:40-08:00,0,35
style.css,189,css,ab9c7f66,AndresRiera,2025-02-07,12:14:40,-08:00,2025-02-07T12:14:40-08:00,0,15
style.css,190,css,ab9c7f66,AndresRiera,2025-02-07,12:14:40,-08:00,2025-02-07T12:14:40-08:00,0,12
style.css,191,css,ab9c7f66,AndresRiera,2025-02-07,12:14:40,-08:00,2025-02-07T12:14:40-08:00,0,0
style.css,192,css,ab9c7f66,AndresRiera,2025-02-07,12:14:40,-08:00,2025-02-07T12:14:40-08:00,0,0
style.css,193,css,ab9c7f66,AndresRiera,2025-02-07,12:14:40,-08:00,2025-02-07T12:14:40-08:00,0,15
style.css,194,css,ab9c7f66,AndresRiera,2025-02-07,12:14:40,-08:00,2025-02-07T12:14:40-08:00,0,15
style.css,195,css,ab9c7f66,AndresRiera,2025-02-07,12:14:40,-08:00,2025-02-07T12:14:40-08:00,0,17
style.css,196,css,ab9c7f66,AndresRiera,2025-02-07,12:14:40,-08:00,2025-02-07T12:14:40-08:00,0,0
style.css,197,css,ab9c7f66,AndresRiera,2025-02-07,12:14:40,-08:00,2025-02-07T12:14:40-08:00,0,17
style.css,198,css,ab9c7f66,AndresRiera,2025-02-07,12:14:40,-08:00,2025-02-07T12:14:40-08:00,0,0
style.css,199,css,ab9c7f66,AndresRiera,2025-02-07,12:14:40,-08:00,2025-02-07T12:14:40-08:00,0,0
style.css,200,css,45339adc,AndresRiera,2025-02-07,14:27:36,-08:00,2025-02-07T14:27:36-08:00,0,7
style.css,201,css,45339adc,AndresRiera,2025-02-07,14:27:36,-08:00,2025-02-07T14:27:36-08:00,0,13
style.css,202,css,45339adc,AndresRiera,2025-02-07,14:27:36,-08:00,2025-02-07T14:27:36-08:00,0,15
style.css,203,css,45339adc,AndresRiera,2025-02-07,14:27:36,-08:00,2025-02-07T14:27:36-08:00,0,9
style.css,204,css,45339adc,AndresRiera,2025-02-07,14:27:36,-08:00,2025-02-07T14:27:36-08:00,0,18
style.css,205,css,45339adc,AndresRiera,2025-02-07,14:27:36,-08:00,2025-02-07T14:27:36-08:00,0,22
style.css,206,css,45339adc,AndresRiera,2025-02-07,14:27:36,-08:00,2025-02-07T14:27:36-08:00,0,13
style.css,207,css,45339adc,AndresRiera,2025-02-07,14:27:36,-08:00,2025-02-07T14:27:36-08:00,0,22
style.css,208,css,45339adc,AndresRiera,2025-02-07,14:27:36,-08:00,2025-02-07T14:27:36-08:00,0,23
style.css,209,css,45339adc,AndresRiera,2025-02-07,14:27:36,-08:00,2025-02-07T14:27:36-08:00,0,14
style.css,210,css,45339adc,AndresRiera,2025-02-07,14:27:36,-08:00,2025-02-07T14:27:36-08:00,0,0
style.css,211,css,45339adc,AndresRiera,2025-02-07,14:27:36,-08:00,2025-02-07T14:27:36-08:00,0,0
style.css,212,css,45339adc,AndresRiera,2025-02-07,14:27:36,-08:00,2025-02-07T14:27:36-08:00,0,12
style.css,213,css,ab9c7f66,AndresRiera,2025-02-07,12:14:40,-08:00,2025-02-07T12:14:40-08:00,0,13
style.css,214,css,ab9c7f66,AndresRiera,2025-02-07,12:14:40,-08:00,2025-02-07T12:14:40-08:00,0,19
style.css,215,css,45339adc,AndresRiera,2025-02-07,14:27:36,-08:00,2025-02-07T14:27:36-08:00,0,8
style.css,216,css,45339adc,AndresRiera,2025-02-07,14:27:36,-08:00,2025-02-07T14:27:36-08:00,0,12
style.css,217,css,45339adc,AndresRiera,2025-02-07,14:27:36,-08:00,2025-02-07T14:27:36-08:00,0,19
style.css,218,css,45339adc,AndresRiera,2025-02-07,14:27:36,-08:00,2025-02-07T14:27:36-08:00,0,14
style.css,219,css,45339adc,AndresRiera,2025-02-07,14:27:36,-08:00,2025-02-07T14:27:36-08:00,0,0
style.css,220,css,45339adc,AndresRiera,2025-02-07,14:27:36,-08:00,2025-02-07T14:27:36-08:00,0,0
style.css,221,css,45339adc,AndresRiera,2025-02-07,14:27:36,-08:00,2025-02-07T14:27:36-08:00,0,16
style.css,222,css,45339adc,AndresRiera,2025-02-07,14:27:36,-08:00,2025-02-07T14:27:36-08:00,0,11
style.css,223,css,45339adc,AndresRiera,2025-02-07,14:27:36,-08:00,2025-02-07T14:27:36-08:00,0,12
style.css,224,css,45339adc,AndresRiera,2025-02-07,14:27:36,-08:00,2025-02-07T14:27:36-08:00,0,18
style.css,225,css,45339adc,AndresRiera,2025-02-07,14:27:36,-08:00,2025-02-07T14:27:36-08:00,0,21
style.css,226,css,45339adc,AndresRiera,2025-02-07,14:27:36,-08:00,2025-02-07T14:27:36-08:00,0,8
style.css,227,css,45339adc,AndresRiera,2025-02-07,14:27:36,-08:00,2025-02-07T14:27:36-08:00,0,30
style.css,228,css,45339adc,AndresRiera,2025-02-07,14:27:36,-08:00,2025-02-07T14:27:36-08:00,0,0
style.css,229,css,ab9c7f66,AndresRiera,2025-02-07,12:14:40,-08:00,2025-02-07T12:14:40-08:00,0,0
style.css,230,css,45339adc,AndresRiera,2025-02-07,14:27:36,-08:00,2025-02-07T14:27:36-08:00,0,0
style.css,231,css,ab9c7f66,AndresRiera,2025-02-07,12:14:40,-08:00,2025-02-07T12:14:40-08:00,0,11
style.css,232,css,ab9c7f66,AndresRiera,2025-02-07,12:14:40,-08:00,2025-02-07T12:14:40-08:00,0,13
style.css,233,css,ab9c7f66,AndresRiera,2025-02-07,12:14:40,-08:00,2025-02-07T12:14:40-08:00,0,19
style.css,234,css,ab9c7f66,AndresRiera,2025-02-07,12:14:40,-08:00,2025-02-07T12:14:40-08:00,0,8
style.css,235,css,ab9c7f66,AndresRiera,2025-02-07,12:14:40,-08:00,2025-02-07T12:14:40-08:00,0,0
style.css,236,css,ab9c7f66,AndresRiera,2025-02-07,12:14:40,-08:00,2025-02-07T12:14:40-08:00,0,0
style.css,237,css,ab9c7f66,AndresRiera,2025-02-07,12:14:40,-08:00,2025-02-07T12:14:40-08:00,0,26
style.css,238,css,ab9c7f66,AndresRiera,2025-02-07,12:14:40,-08:00,2025-02-07T12:14:40-08:00,0,4
style.css,239,css,ab9c7f66,AndresRiera,2025-02-07,12:14:40,-08:00,2025-02-07T12:14:40-08:00,0,15
style.css,240,css,ab9c7f66,AndresRiera,2025-02-07,12:14:40,-08:00,2025-02-07T12:14:40-08:00,0,17
style.css,241,css,ab9c7f66,AndresRiera,2025-02-07,12:14:40,-08:00,2025-02-07T12:14:40-08:00,0,17
style.css,242,css,ab9c7f66,AndresRiera,2025-02-07,12:14:40,-08:00,2025-02-07T12:14:40-08:00,0,0
style.css,243,css,ab9c7f66,AndresRiera,2025-02-07,12:14:40,-08:00,2025-02-07T12:14:40-08:00,0,0
style.css,244,css,ab9c7f66,AndresRiera,2025-02-07,12:14:40,-08:00,2025-02-07T12:14:40-08:00,0,0
style.css,245,css,ab9c7f66,AndresRiera,2025-02-07,12:14:40,-08:00,2025-02-07T12:14:40-08:00,0,38
style.css,246,css,ab9c7f66,AndresRiera,2025-02-07,12:14:40,-08:00,2025-02-07T12:14:40-08:00,0,8
style.css,247,css,ab9c7f66,AndresRiera,2025-02-07,12:14:40,-08:00,2025-02-07T12:14:40-08:00,0,10
style.css,248,css,ab9c7f66,AndresRiera,2025-02-07,12:14:40,-08:00,2025-02-07T12:14:40-08:00,0,11
style.css,249,css,ab9c7f66,AndresRiera,2025-02-07,12:14:40,-08:00,2025-02-07T12:14:40-08:00,0,30
style.css,250,css,ab9c7f66,AndresRiera,2025-02-07,12:14:40,-08:00,2025-02-07T12:14:40-08:00,0,21
style.css,251,css,ab9c7f66,AndresRiera,2025-02-07,12:14:40,-08:00,2025-02-07T12:14:40-08:00,0,18
style.css,252,css,45339adc,AndresRiera,2025-02-07,14:27:36,-08:00,2025-02-07T14:27:36-08:00,0,0
style.css,253,css,45339adc,AndresRiera,2025-02-07,14:27:36,-08:00,2025-02-07T14:27:36-08:00,0,0
style.css,254,css,45339adc,AndresRiera,2025-02-07,14:27:36,-08:00,2025-02-07T14:27:36-08:00,0,20
style.css,255,css,45339adc,AndresRiera,2025-02-07,14:27:36,-08:00,2025-02-07T14:27:36-08:00,0,17
style.css,256,css,45339adc,AndresRiera,2025-02-07,14:27:36,-08:00,2025-02-07T14:27:36-08:00,0,12
style.css,257,css,45339adc,AndresRiera,2025-02-07,14:27:36,-08:00,2025-02-07T14:27:36-08:00,0,0
style.css,258,css,45339adc,AndresRiera,2025-02-07,14:27:36,-08:00,2025-02-07T14:27:36-08:00,0,0
style.css,259,css,45339adc,AndresRiera,2025-02-07,14:27:36,-08:00,2025-02-07T14:27:36-08:00,0,0
style.css,260,css,45339adc,AndresRiera,2025-02-07,14:27:36,-08:00,2025-02-07T14:27:36-08:00,0,5
style.css,261,css,45339adc,AndresRiera,2025-02-07,14:27:36,-08:00,2025-02-07T14:27:36-08:00,0,17
style.css,262,css,45339adc,AndresRiera,2025-02-07,14:27:36,-08:00,2025-02-07T14:27:36-08:00,0,15
style.css,263,css,45339adc,AndresRiera,2025-02-07,14:27:36,-08:00,2025-02-07T14:27:36-08:00,0,0
style.css,264,css,45339adc,AndresRiera,2025-02-07,14:27:36,-08:00,2025-02-07T14:27:36-08:00,0,0
style.css,265,css,45339adc,AndresRiera,2025-02-07,14:27:36,-08:00,2025-02-07T14:27:36-08:00,0,10
style.css,266,css,45339adc,AndresRiera,2025-02-07,14:27:36,-08:00,2025-02-07T14:27:36-08:00,0,36
style.css,267,css,45339adc,AndresRiera,2025-02-07,14:27:36,-08:00,2025-02-07T14:27:36-08:00,0,0
style.css,268,css,45339adc,AndresRiera,2025-02-07,14:27:36,-08:00,2025-02-07T14:27:36-08:00,0,11
style.css,269,css,45339adc,AndresRiera,2025-02-07,14:27:36,-08:00,2025-02-07T14:27:36-08:00,0,18
style.css,270,css,45339adc,AndresRiera,2025-02-07,14:27:36,-08:00,2025-02-07T14:27:36-08:00,0,0
style.css,271,css,c39a16eb,AndresRiera,2025-01-31,12:19:01,-08:00,2025-01-31T12:19:01-08:00,0,0
index.js,1,js,c39a16eb,AndresRiera,2025-01-31,12:19:01,-08:00,2025-01-31T12:19:01-08:00,0,0
index.js,2,js,10cdd1cd,AndresRiera,2025-01-31,14:18:30,-08:00,2025-01-31T14:18:30-08:00,0,68
index.js,3,js,10cdd1cd,AndresRiera,2025-01-31,14:18:30,-08:00,2025-01-31T14:18:30-08:00,0,0
index.js,4,js,10cdd1cd,AndresRiera,2025-01-31,14:18:30,-08:00,2025-01-31T14:18:30-08:00,0,0
index.js,5,js,10cdd1cd,AndresRiera,2025-01-31,14:18:30,-08:00,2025-01-31T14:18:30-08:00,0,72
index.js,6,js,10cdd1cd,AndresRiera,2025-01-31,14:18:30,-08:00,2025-01-31T14:18:30-08:00,0,89
index.js,7,js,10cdd1cd,AndresRiera,2025-01-31,14:18:30,-08:00,2025-01-31T14:18:30-08:00,0,0
index.js,8,js,10cdd1cd,AndresRiera,2025-01-31,14:18:30,-08:00,2025-01-31T14:18:30-08:00,0,21
index.js,9,js,10cdd1cd,AndresRiera,2025-01-31,14:18:30,-08:00,2025-01-31T14:18:30-08:00,0,32
index.js,10,js,10cdd1cd,AndresRiera,2025-01-31,14:18:30,-08:00,2025-01-31T14:18:30-08:00,0,18
index.js,11,js,10cdd1cd,AndresRiera,2025-01-31,14:18:30,-08:00,2025-01-31T14:18:30-08:00,0,69
index.js,12,js,10cdd1cd,AndresRiera,2025-01-31,14:18:30,-08:00,2025-01-31T14:18:30-08:00,0,69
index.js,13,js,10cdd1cd,AndresRiera,2025-01-31,14:18:30,-08:00,2025-01-31T14:18:30-08:00,0,75
index.js,14,js,10cdd1cd,AndresRiera,2025-01-31,14:18:30,-08:00,2025-01-31T14:18:30-08:00,0,75
index.js,15,js,10cdd1cd,AndresRiera,2025-01-31,14:18:30,-08:00,2025-01-31T14:18:30-08:00,0,19
index.js,16,js,10cdd1cd,AndresRiera,2025-01-31,14:18:30,-08:00,2025-01-31T14:18:30-08:00,0,12
index.js,17,js,10cdd1cd,AndresRiera,2025-01-31,14:18:30,-08:00,2025-01-31T14:18:30-08:00,0,7
index.js,18,js,10cdd1cd,AndresRiera,2025-01-31,14:18:30,-08:00,2025-01-31T14:18:30-08:00,0,0
index.js,19,js,10cdd1cd,AndresRiera,2025-01-31,14:18:30,-08:00,2025-01-31T14:18:30-08:00,0,71
index.js,20,js,10cdd1cd,AndresRiera,2025-01-31,14:18:30,-08:00,2025-01-31T14:18:30-08:00,0,0
index.js,21,js,10cdd1cd,AndresRiera,2025-01-31,14:18:30,-08:00,2025-01-31T14:18:30-08:00,0,39
index.js,22,js,10cdd1cd,AndresRiera,2025-01-31,14:18:30,-08:00,2025-01-31T14:18:30-08:00,0,4
index.js,23,js,10cdd1cd,AndresRiera,2025-01-31,14:18:30,-08:00,2025-01-31T14:18:30-08:00,0,20
index.js,24,js,10cdd1cd,AndresRiera,2025-01-31,14:18:30,-08:00,2025-01-31T14:18:30-08:00,0,55
index.js,25,js,10cdd1cd,AndresRiera,2025-01-31,14:18:30,-08:00,2025-01-31T14:18:30-08:00,0,42
index.js,26,js,10cdd1cd,AndresRiera,2025-01-31,14:18:30,-08:00,2025-01-31T14:18:30-08:00,0,0
index.js,27,js,10cdd1cd,AndresRiera,2025-01-31,14:18:30,-08:00,2025-01-31T14:18:30-08:00,0,30
index.js,28,js,10cdd1cd,AndresRiera,2025-01-31,14:18:30,-08:00,2025-01-31T14:18:30-08:00,0,43
index.js,29,js,10cdd1cd,AndresRiera,2025-01-31,14:18:30,-08:00,2025-01-31T14:18:30-08:00,0,47
index.js,30,js,10cdd1cd,AndresRiera,2025-01-31,14:18:30,-08:00,2025-01-31T14:18:30-08:00,0,0
index.js,31,js,10cdd1cd,AndresRiera,2025-01-31,14:18:30,-08:00,2025-01-31T14:18:30-08:00,0,31
index.js,32,js,10cdd1cd,AndresRiera,2025-01-31,14:18:30,-08:00,2025-01-31T14:18:30-08:00,0,61
index.js,33,js,10cdd1cd,AndresRiera,2025-01-31,14:18:30,-08:00,2025-01-31T14:18:30-08:00,0,0
index.js,34,js,10cdd1cd,AndresRiera,2025-01-31,14:18:30,-08:00,2025-01-31T14:18:30-08:00,0,24
index.js,35,js,10cdd1cd,AndresRiera,2025-01-31,14:18:30,-08:00,2025-01-31T14:18:30-08:00,0,46
index.js,36,js,10cdd1cd,AndresRiera,2025-01-31,14:18:30,-08:00,2025-01-31T14:18:30-08:00,0,40
index.js,37,js,10cdd1cd,AndresRiera,2025-01-31,14:18:30,-08:00,2025-01-31T14:18:30-08:00,0,0
index.js,38,js,10cdd1cd,AndresRiera,2025-01-31,14:18:30,-08:00,2025-01-31T14:18:30-08:00,0,0
index.js,39,js,10cdd1cd,AndresRiera,2025-01-31,14:18:30,-08:00,2025-01-31T14:18:30-08:00,0,28
index.js,40,js,10cdd1cd,AndresRiera,2025-01-31,14:18:30,-08:00,2025-01-31T14:18:30-08:00,0,36
index.js,41,js,10cdd1cd,AndresRiera,2025-01-31,14:18:30,-08:00,2025-01-31T14:18:30-08:00,0,48
index.js,42,js,10cdd1cd,AndresRiera,2025-01-31,14:18:30,-08:00,2025-01-31T14:18:30-08:00,0,2
index.js,43,js,10cdd1cd,AndresRiera,2025-01-31,14:18:30,-08:00,2025-01-31T14:18:30-08:00,0,16
index.js,44,js,10cdd1cd,AndresRiera,2025-01-31,14:18:30,-08:00,2025-01-31T14:18:30-08:00,0,57
index.js,45,js,10cdd1cd,AndresRiera,2025-01-31,14:18:30,-08:00,2025-01-31T14:18:30-08:00,0,0
index.js,46,js,10cdd1cd,AndresRiera,2025-01-31,14:18:30,-08:00,2025-01-31T14:18:30-08:00,0,0
index.js,47,js,10cdd1cd,AndresRiera,2025-01-31,14:18:30,-08:00,2025-01-31T14:18:30-08:00,0,0
index.js,48,js,10cdd1cd,AndresRiera,2025-01-31,14:18:30,-08:00,2025-01-31T14:18:30-08:00,0,50
index.js,49,js,10cdd1cd,AndresRiera,2025-01-31,14:18:30,-08:00,2025-01-31T14:18:30-08:00,0,23
index.js,50,js,10cdd1cd,AndresRiera,2025-01-31,14:18:30,-08:00,2025-01-31T14:18:30-08:00,0,0
index.js,51,js,10cdd1cd,AndresRiera,2025-01-31,14:18:30,-08:00,2025-01-31T14:18:30-08:00,0,38
index.js,52,js,10cdd1cd,AndresRiera,2025-01-31,14:18:30,-08:00,2025-01-31T14:18:30-08:00,0,4
index.js,53,js,10cdd1cd,AndresRiera,2025-01-31,14:18:30,-08:00,2025-01-31T14:18:30-08:00,0,27
index.js,54,js,10cdd1cd,AndresRiera,2025-01-31,14:18:30,-08:00,2025-01-31T14:18:30-08:00,0,55
index.js,55,js,10cdd1cd,AndresRiera,2025-01-31,14:18:30,-08:00,2025-01-31T14:18:30-08:00,0,39
index.js,56,js,10cdd1cd,AndresRiera,2025-01-31,14:18:30,-08:00,2025-01-31T14:18:30-08:00,0,0
index.js,57,js,10cdd1cd,AndresRiera,2025-01-31,14:18:30,-08:00,2025-01-31T14:18:30-08:00,0,30
index.js,58,js,10cdd1cd,AndresRiera,2025-01-31,14:18:30,-08:00,2025-01-31T14:18:30-08:00,0,61
index.js,59,js,10cdd1cd,AndresRiera,2025-01-31,14:18:30,-08:00,2025-01-31T14:18:30-08:00,0,0
index.js,60,js,10cdd1cd,AndresRiera,2025-01-31,14:18:30,-08:00,2025-01-31T14:18:30-08:00,0,31
index.js,61,js,10cdd1cd,AndresRiera,2025-01-31,14:18:30,-08:00,2025-01-31T14:18:30-08:00,0,18
index.js,62,js,10cdd1cd,AndresRiera,2025-01-31,14:18:30,-08:00,2025-01-31T14:18:30-08:00,0,56
index.js,63,js,10cdd1cd,AndresRiera,2025-01-31,14:18:30,-08:00,2025-01-31T14:18:30-08:00,0,25
index.js,64,js,10cdd1cd,AndresRiera,2025-01-31,14:18:30,-08:00,2025-01-31T14:18:30-08:00,0,3
index.js,65,js,10cdd1cd,AndresRiera,2025-01-31,14:18:30,-08:00,2025-01-31T14:18:30-08:00,0,3
index.js,66,js,10cdd1cd,AndresRiera,2025-01-31,14:18:30,-08:00,2025-01-31T14:18:30-08:00,0,45
index.js,67,js,10cdd1cd,AndresRiera,2025-01-31,14:18:30,-08:00,2025-01-31T14:18:30-08:00,0,50
index.js,68,js,10cdd1cd,AndresRiera,2025-01-31,14:18:30,-08:00,2025-01-31T14:18:30-08:00,0,50
index.js,69,js,10cdd1cd,AndresRiera,2025-01-31,14:18:30,-08:00,2025-01-31T14:18:30-08:00,0,56
index.js,70,js,10cdd1cd,AndresRiera,2025-01-31,14:18:30,-08:00,2025-01-31T14:18:30-08:00,0,4
index.js,71,js,10cdd1cd,AndresRiera,2025-01-31,14:18:30,-08:00,2025-01-31T14:18:30-08:00,0,1
index.js,72,js,10cdd1cd,AndresRiera,2025-01-31,14:18:30,-08:00,2025-01-31T14:18:30-08:00,0,7
index.js,73,js,10cdd1cd,AndresRiera,2025-01-31,14:18:30,-08:00,2025-01-31T14:18:30-08:00,0,51
index.js,74,js,10cdd1cd,AndresRiera,2025-01-31,14:18:30,-08:00,2025-01-31T14:18:30-08:00,0,0
index.js,75,js,10cdd1cd,AndresRiera,2025-01-31,14:18:30,-08:00,2025-01-31T14:18:30-08:00,0,16
index.js,76,js,10cdd1cd,AndresRiera,2025-01-31,14:18:30,-08:00,2025-01-31T14:18:30-08:00,0,51
index.js,77,js,10cdd1cd,AndresRiera,2025-01-31,14:18:30,-08:00,2025-01-31T14:18:30-08:00,0,0
index.js,78,js,10cdd1cd,AndresRiera,2025-01-31,14:18:30,-08:00,2025-01-31T14:18:30-08:00,0,0
index.js,79,js,10cdd1cd,AndresRiera,2025-01-31,14:18:30,-08:00,2025-01-31T14:18:30-08:00,0,0
index.js,80,js,10cdd1cd,AndresRiera,2025-01-31,14:18:30,-08:00,2025-01-31T14:18:30-08:00,0,43
index.js,81,js,10cdd1cd,AndresRiera,2025-01-31,14:18:30,-08:00,2025-01-31T14:18:30-08:00,0,22
index.html,1,html,55786bc8,AndresRiera,2025-01-08,15:21:29,-08:00,2025-01-08T15:21:29-08:00,0,14
index.html,2,html,8f9a9588,AndresRiera,2025-01-22,14:39:24,-08:00,2025-01-22T14:39:24-08:00,0,28
index.html,3,html,55786bc8,AndresRiera,2025-01-08,15:21:29,-08:00,2025-01-08T15:21:29-08:00,0,5
index.html,4,html,55786bc8,AndresRiera,2025-01-08,15:21:29,-08:00,2025-01-08T15:21:29-08:00,0,21
index.html,5,html,55786bc8,AndresRiera,2025-01-08,15:21:29,-08:00,2025-01-08T15:21:29-08:00,0,69
index.html,6,html,55786bc8,AndresRiera,2025-01-08,15:21:29,-08:00,2025-01-08T15:21:29-08:00,0,70
index.html,7,html,fd346318,AndresRiera,2025-01-24,13:29:40,-08:00,2025-01-24T13:29:40-08:00,0,39
index.html,8,html,fd346318,AndresRiera,2025-01-24,13:29:40,-08:00,2025-01-24T13:29:40-08:00,0,46
index.html,9,html,bb90600f,AndresRiera,2025-01-31,09:41:36,-08:00,2025-01-31T09:41:36-08:00,0,51
index.html,10,html,ab9c7f66,AndresRiera,2025-02-07,12:14:40,-08:00,2025-02-07T12:14:40-08:00,0,0
index.html,11,html,ab9c7f66,AndresRiera,2025-02-07,12:14:40,-08:00,2025-02-07T12:14:40-08:00,0,0
index.html,12,html,55786bc8,AndresRiera,2025-01-08,15:21:29,-08:00,2025-01-08T15:21:29-08:00,0,6
index.html,13,html,55786bc8,AndresRiera,2025-01-08,15:21:29,-08:00,2025-01-08T15:21:29-08:00,0,5
index.html,14,html,9566a35e,AndresRiera,2025-01-14,08:31:17,-08:00,2025-01-14T08:31:17-08:00,0,0
index.html,15,html,4e7cf1d1,AndresRiera,2025-01-14,08:23:12,-08:00,2025-01-14T08:23:12-08:00,0,34
index.html,16,html,4e7cf1d1,AndresRiera,2025-01-14,08:23:12,-08:00,2025-01-14T08:23:12-08:00,0,2
index.html,17,html,4e7cf1d1,AndresRiera,2025-01-14,08:23:12,-08:00,2025-01-14T08:23:12-08:00,0,69
index.html,18,html,4e7cf1d1,AndresRiera,2025-01-14,08:23:12,-08:00,2025-01-14T08:23:12-08:00,0,114
index.html,19,html,4e7cf1d1,AndresRiera,2025-01-14,08:23:12,-08:00,2025-01-14T08:23:12-08:00,0,3
index.html,20,html,b06b1fda,AndresRiera,2025-01-22,20:51:42,-08:00,2025-01-22T20:51:42-08:00,0,105
index.html,21,html,4e7cf1d1,AndresRiera,2025-01-14,08:23:12,-08:00,2025-01-14T08:23:12-08:00,0,0
index.html,22,html,ab9c7f66,AndresRiera,2025-02-07,12:14:40,-08:00,2025-02-07T12:14:40-08:00,0,0
index.html,23,html,ab9c7f66,AndresRiera,2025-02-07,12:14:40,-08:00,2025-02-07T12:14:40-08:00,0,0
index.html,24,html,bb90600f,AndresRiera,2025-01-31,09:41:36,-08:00,2025-01-31T09:41:36-08:00,0,23
index.html,25,html,bb90600f,AndresRiera,2025-01-31,09:41:36,-08:00,2025-01-31T09:41:36-08:00,0,21
index.html,26,html,bb90600f,AndresRiera,2025-01-31,09:41:36,-08:00,2025-01-31T09:41:36-08:00,0,50
index.html,27,html,bb90600f,AndresRiera,2025-01-31,09:41:36,-08:00,2025-01-31T09:41:36-08:00,0,5
index.html,28,html,4e7cf1d1,AndresRiera,2025-01-14,08:23:12,-08:00,2025-01-14T08:23:12-08:00,0,0
index.html,29,html,bb90600f,AndresRiera,2025-01-31,09:41:36,-08:00,2025-01-31T09:41:36-08:00,0,28
index.html,30,html,bb90600f,AndresRiera,2025-01-31,09:41:36,-08:00,2025-01-31T09:41:36-08:00,0,23
index.html,31,html,bb90600f,AndresRiera,2025-01-31,09:41:36,-08:00,2025-01-31T09:41:36-08:00,0,36
index.html,32,html,bb90600f,AndresRiera,2025-01-31,09:41:36,-08:00,2025-01-31T09:41:36-08:00,0,5
index.html,33,html,55786bc8,AndresRiera,2025-01-08,15:21:29,-08:00,2025-01-08T15:21:29-08:00,0,0
index.html,34,html,55786bc8,AndresRiera,2025-01-08,15:21:29,-08:00,2025-01-08T15:21:29-08:00,0,6
index.html,35,html,55786bc8,AndresRiera,2025-01-08,15:21:29,-08:00,2025-01-08T15:21:29-08:00,0,6
global.js,1,js,b06b1fda,AndresRiera,2025-01-22,20:51:42,-08:00,2025-01-22T20:51:42-08:00,0,71
global.js,2,js,b12004c1,AndresRiera,2025-01-22,14:47:47,-08:00,2025-01-22T14:47:47-08:00,0,0
global.js,3,js,b12004c1,AndresRiera,2025-01-22,14:47:47,-08:00,2025-01-22T14:47:47-08:00,0,0
global.js,4,js,8f9a9588,AndresRiera,2025-01-22,14:39:24,-08:00,2025-01-22T14:39:24-08:00,0,26
global.js,5,js,8f9a9588,AndresRiera,2025-01-22,14:39:24,-08:00,2025-01-22T14:39:24-08:00,0,0
global.js,6,js,8f9a9588,AndresRiera,2025-01-22,14:39:24,-08:00,2025-01-22T14:39:24-08:00,0,42
global.js,7,js,8f9a9588,AndresRiera,2025-01-22,14:39:24,-08:00,2025-01-22T14:39:24-08:00,0,53
global.js,8,js,8f9a9588,AndresRiera,2025-01-22,14:39:24,-08:00,2025-01-22T14:39:24-08:00,0,0
global.js,9,js,8f9a9588,AndresRiera,2025-01-22,14:39:24,-08:00,2025-01-22T14:39:24-08:00,0,0
global.js,10,js,8f9a9588,AndresRiera,2025-01-22,14:39:24,-08:00,2025-01-22T14:39:24-08:00,0,12
global.js,11,js,b12004c1,AndresRiera,2025-01-22,14:47:47,-08:00,2025-01-22T14:47:47-08:00,0,36
global.js,12,js,56750065,AndresRiera,2025-01-22,18:12:07,-08:00,2025-01-22T18:12:07-08:00,0,52
global.js,13,js,56750065,AndresRiera,2025-01-22,18:12:07,-08:00,2025-01-22T18:12:07-08:00,0,49
global.js,14,js,56750065,AndresRiera,2025-01-22,18:12:07,-08:00,2025-01-22T18:12:07-08:00,0,46
global.js,15,js,00000000,Not Committed Yet,2025-02-13,13:41:41,-08:00,2025-02-13T13:41:41-08:00,0,40
global.js,16,js,8f9a9588,AndresRiera,2025-01-22,14:39:24,-08:00,2025-01-22T14:39:24-08:00,0,58
global.js,17,js,8f9a9588,AndresRiera,2025-01-22,14:39:24,-08:00,2025-01-22T14:39:24-08:00,0,1
global.js,18,js,8f9a9588,AndresRiera,2025-01-22,14:39:24,-08:00,2025-01-22T14:39:24-08:00,0,0
global.js,19,js,8f9a9588,AndresRiera,2025-01-22,14:39:24,-08:00,2025-01-22T14:39:24-08:00,0,39
global.js,20,js,8f9a9588,AndresRiera,2025-01-22,14:39:24,-08:00,2025-01-22T14:39:24-08:00,0,26
global.js,21,js,8f9a9588,AndresRiera,2025-01-22,14:39:24,-08:00,2025-01-22T14:39:24-08:00,0,0
global.js,22,js,8f9a9588,AndresRiera,2025-01-22,14:39:24,-08:00,2025-01-22T14:39:24-08:00,0,21
global.js,23,js,8f9a9588,AndresRiera,2025-01-22,14:39:24,-08:00,2025-01-22T14:39:24-08:00,0,15
global.js,24,js,8f9a9588,AndresRiera,2025-01-22,14:39:24,-08:00,2025-01-22T14:39:24-08:00,0,19
global.js,25,js,8f9a9588,AndresRiera,2025-01-22,14:39:24,-08:00,2025-01-22T14:39:24-08:00,0,0
global.js,26,js,209810ac,AndresRiera,2025-01-22,14:42:45,-08:00,2025-01-22T14:42:45-08:00,0,65
global.js,27,js,209810ac,AndresRiera,2025-01-22,14:42:45,-08:00,2025-01-22T14:42:45-08:00,0,0
global.js,28,js,b06b1fda,AndresRiera,2025-01-22,20:51:42,-08:00,2025-01-22T20:51:42-08:00,0,35
global.js,29,js,b06b1fda,AndresRiera,2025-01-22,20:51:42,-08:00,2025-01-22T20:51:42-08:00,0,12
global.js,30,js,b06b1fda,AndresRiera,2025-01-22,20:51:42,-08:00,2025-01-22T20:51:42-08:00,0,21
global.js,31,js,b06b1fda,AndresRiera,2025-01-22,20:51:42,-08:00,2025-01-22T20:51:42-08:00,0,13
global.js,32,js,b06b1fda,AndresRiera,2025-01-22,20:51:42,-08:00,2025-01-22T20:51:42-08:00,0,0
global.js,33,js,b06b1fda,AndresRiera,2025-01-22,20:51:42,-08:00,2025-01-22T20:51:42-08:00,0,66
global.js,34,js,b06b1fda,AndresRiera,2025-01-22,20:51:42,-08:00,2025-01-22T20:51:42-08:00,0,26
global.js,35,js,b06b1fda,AndresRiera,2025-01-22,20:51:42,-08:00,2025-01-22T20:51:42-08:00,0,0
global.js,36,js,b06b1fda,AndresRiera,2025-01-22,20:51:42,-08:00,2025-01-22T20:51:42-08:00,0,18
global.js,37,js,b06b1fda,AndresRiera,2025-01-22,20:51:42,-08:00,2025-01-22T20:51:42-08:00,0,0
global.js,38,js,b06b1fda,AndresRiera,2025-01-22,20:51:42,-08:00,2025-01-22T20:51:42-08:00,0,0
global.js,39,js,b06b1fda,AndresRiera,2025-01-22,20:51:42,-08:00,2025-01-22T20:51:42-08:00,0,30
global.js,40,js,b06b1fda,AndresRiera,2025-01-22,20:51:42,-08:00,2025-01-22T20:51:42-08:00,0,19
global.js,41,js,b06b1fda,AndresRiera,2025-01-22,20:51:42,-08:00,2025-01-22T20:51:42-08:00,0,0
global.js,42,js,b06b1fda,AndresRiera,2025-01-22,20:51:42,-08:00,2025-01-22T20:51:42-08:00,0,0
global.js,43,js,b06b1fda,AndresRiera,2025-01-22,20:51:42,-08:00,2025-01-22T20:51:42-08:00,0,0
global.js,44,js,b06b1fda,AndresRiera,2025-01-22,20:51:42,-08:00,2025-01-22T20:51:42-08:00,0,32
global.js,45,js,b06b1fda,AndresRiera,2025-01-22,20:51:42,-08:00,2025-01-22T20:51:42-08:00,0,12
global.js,46,js,b06b1fda,AndresRiera,2025-01-22,20:51:42,-08:00,2025-01-22T20:51:42-08:00,0,0
global.js,47,js,b06b1fda,AndresRiera,2025-01-22,20:51:42,-08:00,2025-01-22T20:51:42-08:00,0,27
global.js,48,js,b06b1fda,AndresRiera,2025-01-22,20:51:42,-08:00,2025-01-22T20:51:42-08:00,0,5
global.js,49,js,b06b1fda,AndresRiera,2025-01-22,20:51:42,-08:00,2025-01-22T20:51:42-08:00,0,27
global.js,50,js,b06b1fda,AndresRiera,2025-01-22,20:51:42,-08:00,2025-01-22T20:51:42-08:00,0,38
global.js,51,js,b06b1fda,AndresRiera,2025-01-22,20:51:42,-08:00,2025-01-22T20:51:42-08:00,0,35
global.js,52,js,b06b1fda,AndresRiera,2025-01-22,20:51:42,-08:00,2025-01-22T20:51:42-08:00,0,33
global.js,53,js,b06b1fda,AndresRiera,2025-01-22,20:51:42,-08:00,2025-01-22T20:51:42-08:00,0,8
global.js,54,js,b06b1fda,AndresRiera,2025-01-22,20:51:42,-08:00,2025-01-22T20:51:42-08:00,0,8
global.js,55,js,b06b1fda,AndresRiera,2025-01-22,20:51:42,-08:00,2025-01-22T20:51:42-08:00,0,1
global.js,56,js,b06b1fda,AndresRiera,2025-01-22,20:51:42,-08:00,2025-01-22T20:51:42-08:00,0,0
global.js,57,js,b06b1fda,AndresRiera,2025-01-22,20:51:42,-08:00,2025-01-22T20:51:42-08:00,0,56
global.js,58,js,b06b1fda,AndresRiera,2025-01-22,20:51:42,-08:00,2025-01-22T20:51:42-08:00,0,0
global.js,59,js,b06b1fda,AndresRiera,2025-01-22,20:51:42,-08:00,2025-01-22T20:51:42-08:00,0,35
global.js,60,js,b06b1fda,AndresRiera,2025-01-22,20:51:42,-08:00,2025-01-22T20:51:42-08:00,0,44
global.js,61,js,b06b1fda,AndresRiera,2025-01-22,20:51:42,-08:00,2025-01-22T20:51:42-08:00,0,0
global.js,62,js,b06b1fda,AndresRiera,2025-01-22,20:51:42,-08:00,2025-01-22T20:51:42-08:00,0,71
global.js,63,js,b06b1fda,AndresRiera,2025-01-22,20:51:42,-08:00,2025-01-22T20:51:42-08:00,0,0
global.js,64,js,b06b1fda,AndresRiera,2025-01-22,20:51:42,-08:00,2025-01-22T20:51:42-08:00,0,26
global.js,65,js,b06b1fda,AndresRiera,2025-01-22,20:51:42,-08:00,2025-01-22T20:51:42-08:00,0,7
global.js,66,js,b06b1fda,AndresRiera,2025-01-22,20:51:42,-08:00,2025-01-22T20:51:42-08:00,0,21
global.js,67,js,b06b1fda,AndresRiera,2025-01-22,20:51:42,-08:00,2025-01-22T20:51:42-08:00,0,0
global.js,68,js,b06b1fda,AndresRiera,2025-01-22,20:51:42,-08:00,2025-01-22T20:51:42-08:00,0,0
global.js,69,js,b06b1fda,AndresRiera,2025-01-22,20:51:42,-08:00,2025-01-22T20:51:42-08:00,0,50
global.js,70,js,b06b1fda,AndresRiera,2025-01-22,20:51:42,-08:00,2025-01-22T20:51:42-08:00,0,40
global.js,71,js,b06b1fda,AndresRiera,2025-01-22,20:51:42,-08:00,2025-01-22T20:51:42-08:00,0,0
global.js,72,js,b06b1fda,AndresRiera,2025-01-22,20:51:42,-08:00,2025-01-22T20:51:42-08:00,0,40
global.js,73,js,b06b1fda,AndresRiera,2025-01-22,20:51:42,-08:00,2025-01-22T20:51:42-08:00,0,0
global.js,74,js,b06b1fda,AndresRiera,2025-01-22,20:51:42,-08:00,2025-01-22T20:51:42-08:00,0,73
global.js,75,js,b06b1fda,AndresRiera,2025-01-22,20:51:42,-08:00,2025-01-22T20:51:42-08:00,0,0
global.js,76,js,b06b1fda,AndresRiera,2025-01-22,20:51:42,-08:00,2025-01-22T20:51:42-08:00,0,54
global.js,77,js,b06b1fda,AndresRiera,2025-01-22,20:51:42,-08:00,2025-01-22T20:51:42-08:00,0,2
global.js,78,js,b06b1fda,AndresRiera,2025-01-22,20:51:42,-08:00,2025-01-22T20:51:42-08:00,0,0
global.js,79,js,b06b1fda,AndresRiera,2025-01-22,20:51:42,-08:00,2025-01-22T20:51:42-08:00,0,52
global.js,80,js,b06b1fda,AndresRiera,2025-01-22,20:51:42,-08:00,2025-01-22T20:51:42-08:00,0,0
global.js,81,js,b06b1fda,AndresRiera,2025-01-22,20:51:42,-08:00,2025-01-22T20:51:42-08:00,0,50
global.js,82,js,b06b1fda,AndresRiera,2025-01-22,20:51:42,-08:00,2025-01-22T20:51:42-08:00,0,22
global.js,83,js,b06b1fda,AndresRiera,2025-01-22,20:51:42,-08:00,2025-01-22T20:51:42-08:00,0,0
global.js,84,js,b06b1fda,AndresRiera,2025-01-22,20:51:42,-08:00,2025-01-22T20:51:42-08:00,0,31
global.js,85,js,b06b1fda,AndresRiera,2025-01-22,20:51:42,-08:00,2025-01-22T20:51:42-08:00,0,0
global.js,86,js,b06b1fda,AndresRiera,2025-01-22,20:51:42,-08:00,2025-01-22T20:51:42-08:00,0,21
global.js,87,js,b06b1fda,AndresRiera,2025-01-22,20:51:42,-08:00,2025-01-22T20:51:42-08:00,0,15
global.js,88,js,b06b1fda,AndresRiera,2025-01-22,20:51:42,-08:00,2025-01-22T20:51:42-08:00,0,0
global.js,89,js,b06b1fda,AndresRiera,2025-01-22,20:51:42,-08:00,2025-01-22T20:51:42-08:00,0,32
global.js,90,js,b06b1fda,AndresRiera,2025-01-22,20:51:42,-08:00,2025-01-22T20:51:42-08:00,0,51
global.js,91,js,b06b1fda,AndresRiera,2025-01-22,20:51:42,-08:00,2025-01-22T20:51:42-08:00,0,0
global.js,92,js,b06b1fda,AndresRiera,2025-01-22,20:51:42,-08:00,2025-01-22T20:51:42-08:00,0,0
global.js,93,js,b06b1fda,AndresRiera,2025-01-22,20:51:42,-08:00,2025-01-22T20:51:42-08:00,0,29
global.js,94,js,b06b1fda,AndresRiera,2025-01-22,20:51:42,-08:00,2025-01-22T20:51:42-08:00,0,0
global.js,95,js,b06b1fda,AndresRiera,2025-01-22,20:51:42,-08:00,2025-01-22T20:51:42-08:00,0,19
global.js,96,js,49fe04ea,AndresRiera,2025-01-30,13:58:05,-08:00,2025-01-30T13:58:05-08:00,0,2
global.js,97,js,49fe04ea,AndresRiera,2025-01-30,13:58:05,-08:00,2025-01-30T13:58:05-08:00,0,0
global.js,98,js,49fe04ea,AndresRiera,2025-01-30,13:58:05,-08:00,2025-01-30T13:58:05-08:00,0,0
global.js,99,js,14d174e3,AndresRiera,2025-01-31,14:11:56,-08:00,2025-01-31T14:11:56-08:00,0,37
global.js,100,js,14d174e3,AndresRiera,2025-01-31,14:11:56,-08:00,2025-01-31T14:11:56-08:00,0,4
global.js,101,js,2d6e8758,AndresRiera,2025-01-31,16:06:24,-08:00,2025-01-31T16:06:24-08:00,0,57
global.js,102,js,14d174e3,AndresRiera,2025-01-31,14:11:56,-08:00,2025-01-31T14:11:56-08:00,0,33
global.js,103,js,14d174e3,AndresRiera,2025-01-31,14:11:56,-08:00,2025-01-31T14:11:56-08:00,0,18
global.js,104,js,14d174e3,AndresRiera,2025-01-31,14:11:56,-08:00,2025-01-31T14:11:56-08:00,0,82
global.js,105,js,14d174e3,AndresRiera,2025-01-31,14:11:56,-08:00,2025-01-31T14:11:56-08:00,0,0
global.js,106,js,14d174e3,AndresRiera,2025-01-31,14:11:56,-08:00,2025-01-31T14:11:56-08:00,0,34
global.js,107,js,14d174e3,AndresRiera,2025-01-31,14:11:56,-08:00,2025-01-31T14:11:56-08:00,0,11
global.js,108,js,2d6e8758,AndresRiera,2025-01-31,16:06:24,-08:00,2025-01-31T16:06:24-08:00,0,0
global.js,109,js,2d6e8758,AndresRiera,2025-01-31,16:06:24,-08:00,2025-01-31T16:06:24-08:00,0,14
global.js,110,js,2d6e8758,AndresRiera,2025-01-31,16:06:24,-08:00,2025-01-31T16:06:24-08:00,0,60
global.js,111,js,2d6e8758,AndresRiera,2025-01-31,16:06:24,-08:00,2025-01-31T16:06:24-08:00,0,0
global.js,112,js,bb90600f,AndresRiera,2025-01-31,09:41:36,-08:00,2025-01-31T09:41:36-08:00,0,0
global.js,113,js,bb90600f,AndresRiera,2025-01-31,09:41:36,-08:00,2025-01-31T09:41:36-08:00,0,0
global.js,114,js,2d6e8758,AndresRiera,2025-01-31,16:06:24,-08:00,2025-01-31T16:06:24-08:00,0,0
global.js,115,js,ab9c7f66,AndresRiera,2025-02-07,12:14:40,-08:00,2025-02-07T12:14:40-08:00,0,82
global.js,116,js,ab9c7f66,AndresRiera,2025-02-07,12:14:40,-08:00,2025-02-07T12:14:40-08:00,0,28
global.js,117,js,ab9c7f66,AndresRiera,2025-02-07,12:14:40,-08:00,2025-02-07T12:14:40-08:00,0,52
global.js,118,js,ab9c7f66,AndresRiera,2025-02-07,12:14:40,-08:00,2025-02-07T12:14:40-08:00,0,15
global.js,119,js,ab9c7f66,AndresRiera,2025-02-07,12:14:40,-08:00,2025-02-07T12:14:40-08:00,0,5
global.js,120,js,ab9c7f66,AndresRiera,2025-02-07,12:14:40,-08:00,2025-02-07T12:14:40-08:00,0,0
global.js,121,js,ab9c7f66,AndresRiera,2025-02-07,12:14:40,-08:00,2025-02-07T12:14:40-08:00,0,54
global.js,122,js,ab9c7f66,AndresRiera,2025-02-07,12:14:40,-08:00,2025-02-07T12:14:40-08:00,0,25
global.js,123,js,ab9c7f66,AndresRiera,2025-02-07,12:14:40,-08:00,2025-02-07T12:14:40-08:00,0,59
global.js,124,js,ab9c7f66,AndresRiera,2025-02-07,12:14:40,-08:00,2025-02-07T12:14:40-08:00,0,59
global.js,125,js,ab9c7f66,AndresRiera,2025-02-07,12:14:40,-08:00,2025-02-07T12:14:40-08:00,0,63
global.js,126,js,ab9c7f66,AndresRiera,2025-02-07,12:14:40,-08:00,2025-02-07T12:14:40-08:00,0,37
global.js,127,js,ab9c7f66,AndresRiera,2025-02-07,12:14:40,-08:00,2025-02-07T12:14:40-08:00,0,6
global.js,128,js,ab9c7f66,AndresRiera,2025-02-07,12:14:40,-08:00,2025-02-07T12:14:40-08:00,0,42
global.js,129,js,ab9c7f66,AndresRiera,2025-02-07,12:14:40,-08:00,2025-02-07T12:14:40-08:00,0,3
global.js,130,js,ab9c7f66,AndresRiera,2025-02-07,12:14:40,-08:00,2025-02-07T12:14:40-08:00,0,0
global.js,131,js,2d6e8758,AndresRiera,2025-01-31,16:06:24,-08:00,2025-01-31T16:06:24-08:00,0,79
global.js,132,js,2d6e8758,AndresRiera,2025-01-31,16:06:24,-08:00,2025-01-31T16:06:24-08:00,0,23
global.js,133,js,2d6e8758,AndresRiera,2025-01-31,16:06:24,-08:00,2025-01-31T16:06:24-08:00,0,43
global.js,134,js,2d6e8758,AndresRiera,2025-01-31,16:06:24,-08:00,2025-01-31T16:06:24-08:00,0,6
global.js,135,js,2d6e8758,AndresRiera,2025-01-31,16:06:24,-08:00,2025-01-31T16:06:24-08:00,0,0
global.js,136,js,ab9c7f66,AndresRiera,2025-02-07,12:14:40,-08:00,2025-02-07T12:14:40-08:00,0,0
global.js,137,js,ab9c7f66,AndresRiera,2025-02-07,12:14:40,-08:00,2025-02-07T12:14:40-08:00,0,49
global.js,138,js,2d6e8758,AndresRiera,2025-01-31,16:06:24,-08:00,2025-01-31T16:06:24-08:00,0,49
global.js,139,js,ab9c7f66,AndresRiera,2025-02-07,12:14:40,-08:00,2025-02-07T12:14:40-08:00,0,37
global.js,140,js,2d6e8758,AndresRiera,2025-01-31,16:06:24,-08:00,2025-01-31T16:06:24-08:00,0,20
global.js,141,js,ab9c7f66,AndresRiera,2025-02-07,12:14:40,-08:00,2025-02-07T12:14:40-08:00,0,72
global.js,142,js,ab9c7f66,AndresRiera,2025-02-07,12:14:40,-08:00,2025-02-07T12:14:40-08:00,0,0
global.js,143,js,ab9c7f66,AndresRiera,2025-02-07,12:14:40,-08:00,2025-02-07T12:14:40-08:00,0,0
global.js,144,js,ab9c7f66,AndresRiera,2025-02-07,12:14:40,-08:00,2025-02-07T12:14:40-08:00,0,0
global.js,145,js,ab9c7f66,AndresRiera,2025-02-07,12:14:40,-08:00,2025-02-07T12:14:40-08:00,0,56
global.js,146,js,ab9c7f66,AndresRiera,2025-02-07,12:14:40,-08:00,2025-02-07T12:14:40-08:00,0,75
global.js,147,js,ab9c7f66,AndresRiera,2025-02-07,12:14:40,-08:00,2025-02-07T12:14:40-08:00,0,72
global.js,148,js,ab9c7f66,AndresRiera,2025-02-07,12:14:40,-08:00,2025-02-07T12:14:40-08:00,0,0
global.js,149,js,2d6e8758,AndresRiera,2025-01-31,16:06:24,-08:00,2025-01-31T16:06:24-08:00,0,1
global.js,150,js,2d6e8758,AndresRiera,2025-01-31,16:06:24,-08:00,2025-01-31T16:06:24-08:00,0,37
global.js,151,js,ab9c7f66,AndresRiera,2025-02-07,12:14:40,-08:00,2025-02-07T12:14:40-08:00,0,0
global.js,152,js,0ff3ae32,AndresRiera,2025-01-30,14:07:20,-08:00,2025-01-30T14:07:20-08:00,0,0
global.js,153,js,70357d6e,AndresRiera,2025-01-31,13:59:36,-08:00,2025-01-31T13:59:36-08:00,0,48
global.js,154,js,70357d6e,AndresRiera,2025-01-31,13:59:36,-08:00,2025-01-31T13:59:36-08:00,0,23
global.js,155,js,70357d6e,AndresRiera,2025-01-31,13:59:36,-08:00,2025-01-31T13:59:36-08:00,0,0
global.js,156,js,bb90600f,AndresRiera,2025-01-31,09:41:36,-08:00,2025-01-31T09:41:36-08:00,0,60
global.js,157,js,bb90600f,AndresRiera,2025-01-31,09:41:36,-08:00,2025-01-31T09:41:36-08:00,0,0
global.js,158,js,14d174e3,AndresRiera,2025-01-31,14:11:56,-08:00,2025-01-31T14:11:56-08:00,0,0
Resume/resume.html,1,html,a0c381f5,AndresRiera,2025-01-22,17:52:16,-08:00,2025-01-22T17:52:16-08:00,0,14
Resume/resume.html,2,html,a0c381f5,AndresRiera,2025-01-22,17:52:16,-08:00,2025-01-22T17:52:16-08:00,0,15
Resume/resume.html,3,html,a0c381f5,AndresRiera,2025-01-22,17:52:16,-08:00,2025-01-22T17:52:16-08:00,0,0
Resume/resume.html,4,html,a0c381f5,AndresRiera,2025-01-22,17:52:16,-08:00,2025-01-22T17:52:16-08:00,0,5
Resume/resume.html,5,html,a0c381f5,AndresRiera,2025-01-22,17:52:16,-08:00,2025-01-22T17:52:16-08:00,0,21
Resume/resume.html,6,html,a0c381f5,AndresRiera,2025-01-22,17:52:16,-08:00,2025-01-22T17:52:16-08:00,0,69
Resume/resume.html,7,html,a0c381f5,AndresRiera,2025-01-22,17:52:16,-08:00,2025-01-22T17:52:16-08:00,0,49
Resume/resume.html,8,html,56750065,AndresRiera,2025-01-22,18:12:07,-08:00,2025-01-22T18:12:07-08:00,0,42
Resume/resume.html,9,html,630f3d8a,AndresRiera,2025-01-22,18:17:59,-08:00,2025-01-22T18:17:59-08:00,0,49
Resume/resume.html,10,html,a0c381f5,AndresRiera,2025-01-22,17:52:16,-08:00,2025-01-22T17:52:16-08:00,0,6
Resume/resume.html,11,html,a0c381f5,AndresRiera,2025-01-22,17:52:16,-08:00,2025-01-22T17:52:16-08:00,0,25
Resume/resume.html,12,html,a0c381f5,AndresRiera,2025-01-22,17:52:16,-08:00,2025-01-22T17:52:16-08:00,0,0
Resume/resume.html,13,html,a0c381f5,AndresRiera,2025-01-22,17:52:16,-08:00,2025-01-22T17:52:16-08:00,0,14
Resume/resume.html,14,html,a0c381f5,AndresRiera,2025-01-22,17:52:16,-08:00,2025-01-22T17:52:16-08:00,0,0
Resume/resume.html,15,html,a0c381f5,AndresRiera,2025-01-22,17:52:16,-08:00,2025-01-22T17:52:16-08:00,0,27
Resume/resume.html,16,html,a0c381f5,AndresRiera,2025-01-22,17:52:16,-08:00,2025-01-22T17:52:16-08:00,0,8
Resume/resume.html,17,html,a0c381f5,AndresRiera,2025-01-22,17:52:16,-08:00,2025-01-22T17:52:16-08:00,0,7
Resume/resume.html,18,html,a0c381f5,AndresRiera,2025-01-22,17:52:16,-08:00,2025-01-22T17:52:16-08:00,0,27
Resume/resume.html,19,html,a0c381f5,AndresRiera,2025-01-22,17:52:16,-08:00,2025-01-22T17:52:16-08:00,0,8
Resume/resume.html,20,html,a0c381f5,AndresRiera,2025-01-22,17:52:16,-08:00,2025-01-22T17:52:16-08:00,0,89
Resume/resume.html,21,html,a0c381f5,AndresRiera,2025-01-22,17:52:16,-08:00,2025-01-22T17:52:16-08:00,0,27
Resume/resume.html,22,html,a0c381f5,AndresRiera,2025-01-22,17:52:16,-08:00,2025-01-22T17:52:16-08:00,0,3
Resume/resume.html,23,html,a0c381f5,AndresRiera,2025-01-22,17:52:16,-08:00,2025-01-22T17:52:16-08:00,0,9
Resume/resume.html,24,html,a0c381f5,AndresRiera,2025-01-22,17:52:16,-08:00,2025-01-22T17:52:16-08:00,0,0
Resume/resume.html,25,html,a0c381f5,AndresRiera,2025-01-22,17:52:16,-08:00,2025-01-22T17:52:16-08:00,0,17
Resume/resume.html,26,html,a0c381f5,AndresRiera,2025-01-22,17:52:16,-08:00,2025-01-22T17:52:16-08:00,0,8
Resume/resume.html,27,html,a0c381f5,AndresRiera,2025-01-22,17:52:16,-08:00,2025-01-22T17:52:16-08:00,0,7
Resume/resume.html,28,html,a0c381f5,AndresRiera,2025-01-22,17:52:16,-08:00,2025-01-22T17:52:16-08:00,0,17
Resume/resume.html,29,html,a0c381f5,AndresRiera,2025-01-22,17:52:16,-08:00,2025-01-22T17:52:16-08:00,0,8
Resume/resume.html,30,html,a0c381f5,AndresRiera,2025-01-22,17:52:16,-08:00,2025-01-22T17:52:16-08:00,0,8
Resume/resume.html,31,html,a0c381f5,AndresRiera,2025-01-22,17:52:16,-08:00,2025-01-22T17:52:16-08:00,0,7
Resume/resume.html,32,html,a0c381f5,AndresRiera,2025-01-22,17:52:16,-08:00,2025-01-22T17:52:16-08:00,0,43
Resume/resume.html,33,html,a0c381f5,AndresRiera,2025-01-22,17:52:16,-08:00,2025-01-22T17:52:16-08:00,0,8
Resume/resume.html,34,html,a0c381f5,AndresRiera,2025-01-22,17:52:16,-08:00,2025-01-22T17:52:16-08:00,0,41
Resume/resume.html,35,html,a0c381f5,AndresRiera,2025-01-22,17:52:16,-08:00,2025-01-22T17:52:16-08:00,0,23
Resume/resume.html,36,html,a0c381f5,AndresRiera,2025-01-22,17:52:16,-08:00,2025-01-22T17:52:16-08:00,0,9
Resume/resume.html,37,html,a0c381f5,AndresRiera,2025-01-22,17:52:16,-08:00,2025-01-22T17:52:16-08:00,0,3
Resume/resume.html,38,html,a0c381f5,AndresRiera,2025-01-22,17:52:16,-08:00,2025-01-22T17:52:16-08:00,0,9
Resume/resume.html,39,html,a0c381f5,AndresRiera,2025-01-22,17:52:16,-08:00,2025-01-22T17:52:16-08:00,0,0
Resume/resume.html,40,html,a0c381f5,AndresRiera,2025-01-22,17:52:16,-08:00,2025-01-22T17:52:16-08:00,0,23
Resume/resume.html,41,html,a0c381f5,AndresRiera,2025-01-22,17:52:16,-08:00,2025-01-22T17:52:16-08:00,0,8
Resume/resume.html,42,html,a0c381f5,AndresRiera,2025-01-22,17:52:16,-08:00,2025-01-22T17:52:16-08:00,0,7
Resume/resume.html,43,html,a0c381f5,AndresRiera,2025-01-22,17:52:16,-08:00,2025-01-22T17:52:16-08:00,0,23
Resume/resume.html,44,html,a0c381f5,AndresRiera,2025-01-22,17:52:16,-08:00,2025-01-22T17:52:16-08:00,0,8
Resume/resume.html,45,html,a0c381f5,AndresRiera,2025-01-22,17:52:16,-08:00,2025-01-22T17:52:16-08:00,0,8
Resume/resume.html,46,html,a0c381f5,AndresRiera,2025-01-22,17:52:16,-08:00,2025-01-22T17:52:16-08:00,0,7
Resume/resume.html,47,html,a0c381f5,AndresRiera,2025-01-22,17:52:16,-08:00,2025-01-22T17:52:16-08:00,0,41
Resume/resume.html,48,html,a0c381f5,AndresRiera,2025-01-22,17:52:16,-08:00,2025-01-22T17:52:16-08:00,0,8
Resume/resume.html,49,html,a0c381f5,AndresRiera,2025-01-22,17:52:16,-08:00,2025-01-22T17:52:16-08:00,0,84
Resume/resume.html,50,html,a0c381f5,AndresRiera,2025-01-22,17:52:16,-08:00,2025-01-22T17:52:16-08:00,0,23
Resume/resume.html,51,html,a0c381f5,AndresRiera,2025-01-22,17:52:16,-08:00,2025-01-22T17:52:16-08:00,0,9
Resume/resume.html,52,html,a0c381f5,AndresRiera,2025-01-22,17:52:16,-08:00,2025-01-22T17:52:16-08:00,0,3
Resume/resume.html,53,html,a0c381f5,AndresRiera,2025-01-22,17:52:16,-08:00,2025-01-22T17:52:16-08:00,0,9
Resume/resume.html,54,html,a0c381f5,AndresRiera,2025-01-22,17:52:16,-08:00,2025-01-22T17:52:16-08:00,0,0
Resume/resume.html,55,html,a0c381f5,AndresRiera,2025-01-22,17:52:16,-08:00,2025-01-22T17:52:16-08:00,0,14
Resume/resume.html,56,html,a0c381f5,AndresRiera,2025-01-22,17:52:16,-08:00,2025-01-22T17:52:16-08:00,0,8
Resume/resume.html,57,html,a0c381f5,AndresRiera,2025-01-22,17:52:16,-08:00,2025-01-22T17:52:16-08:00,0,7
Resume/resume.html,58,html,a0c381f5,AndresRiera,2025-01-22,17:52:16,-08:00,2025-01-22T17:52:16-08:00,0,14
Resume/resume.html,59,html,a0c381f5,AndresRiera,2025-01-22,17:52:16,-08:00,2025-01-22T17:52:16-08:00,0,8
Resume/resume.html,60,html,a0c381f5,AndresRiera,2025-01-22,17:52:16,-08:00,2025-01-22T17:52:16-08:00,0,3
Resume/resume.html,61,html,a0c381f5,AndresRiera,2025-01-22,17:52:16,-08:00,2025-01-22T17:52:16-08:00,0,51
Resume/resume.html,62,html,a0c381f5,AndresRiera,2025-01-22,17:52:16,-08:00,2025-01-22T17:52:16-08:00,0,56
Resume/resume.html,63,html,a0c381f5,AndresRiera,2025-01-22,17:52:16,-08:00,2025-01-22T17:52:16-08:00,0,50
Resume/resume.html,64,html,a0c381f5,AndresRiera,2025-01-22,17:52:16,-08:00,2025-01-22T17:52:16-08:00,0,4
Resume/resume.html,65,html,a0c381f5,AndresRiera,2025-01-22,17:52:16,-08:00,2025-01-22T17:52:16-08:00,0,9
Resume/resume.html,66,html,a0c381f5,AndresRiera,2025-01-22,17:52:16,-08:00,2025-01-22T17:52:16-08:00,0,3
Resume/resume.html,67,html,a0c381f5,AndresRiera,2025-01-22,17:52:16,-08:00,2025-01-22T17:52:16-08:00,0,0
Resume/resume.html,68,html,a0c381f5,AndresRiera,2025-01-22,17:52:16,-08:00,2025-01-22T17:52:16-08:00,0,22
Resume/resume.html,69,html,a0c381f5,AndresRiera,2025-01-22,17:52:16,-08:00,2025-01-22T17:52:16-08:00,0,8
Resume/resume.html,70,html,a0c381f5,AndresRiera,2025-01-22,17:52:16,-08:00,2025-01-22T17:52:16-08:00,0,7
Resume/resume.html,71,html,a0c381f5,AndresRiera,2025-01-22,17:52:16,-08:00,2025-01-22T17:52:16-08:00,0,22
Resume/resume.html,72,html,a0c381f5,AndresRiera,2025-01-22,17:52:16,-08:00,2025-01-22T17:52:16-08:00,0,8
Resume/resume.html,73,html,a0c381f5,AndresRiera,2025-01-22,17:52:16,-08:00,2025-01-22T17:52:16-08:00,0,3
Resume/resume.html,74,html,a0c381f5,AndresRiera,2025-01-22,17:52:16,-08:00,2025-01-22T17:52:16-08:00,0,54
Resume/resume.html,75,html,a0c381f5,AndresRiera,2025-01-22,17:52:16,-08:00,2025-01-22T17:52:16-08:00,0,37
Resume/resume.html,76,html,a0c381f5,AndresRiera,2025-01-22,17:52:16,-08:00,2025-01-22T17:52:16-08:00,0,4
Resume/resume.html,77,html,a0c381f5,AndresRiera,2025-01-22,17:52:16,-08:00,2025-01-22T17:52:16-08:00,0,9
Resume/resume.html,78,html,a0c381f5,AndresRiera,2025-01-22,17:52:16,-08:00,2025-01-22T17:52:16-08:00,0,3
Resume/resume.html,79,html,a0c381f5,AndresRiera,2025-01-22,17:52:16,-08:00,2025-01-22T17:52:16-08:00,0,6
Resume/resume.html,80,html,a0c381f5,AndresRiera,2025-01-22,17:52:16,-08:00,2025-01-22T17:52:16-08:00,0,6
Projects/projects.js,1,js,bb90600f,AndresRiera,2025-01-31,09:41:36,-08:00,2025-01-31T09:41:36-08:00,0,0
Projects/projects.js,2,js,bb90600f,AndresRiera,2025-01-31,09:41:36,-08:00,2025-01-31T09:41:36-08:00,0,0
Projects/projects.js,3,js,9b40c5bf,AndresRiera,2025-02-07,14:34:34,-08:00,2025-02-07T14:34:34-08:00,0,67
Projects/projects.js,4,js,9b40c5bf,AndresRiera,2025-02-07,14:34:34,-08:00,2025-02-07T14:34:34-08:00,0,59
Projects/projects.js,5,js,9b40c5bf,AndresRiera,2025-02-07,14:34:34,-08:00,2025-02-07T14:34:34-08:00,0,0
Projects/projects.js,6,js,9b40c5bf,AndresRiera,2025-02-07,14:34:34,-08:00,2025-02-07T14:34:34-08:00,0,16
Projects/projects.js,7,js,9b40c5bf,AndresRiera,2025-02-07,14:34:34,-08:00,2025-02-07T14:34:34-08:00,0,25
Projects/projects.js,8,js,9b40c5bf,AndresRiera,2025-02-07,14:34:34,-08:00,2025-02-07T14:34:34-08:00,0,61
Projects/projects.js,9,js,9b40c5bf,AndresRiera,2025-02-07,14:34:34,-08:00,2025-02-07T14:34:34-08:00,0,0
Projects/projects.js,10,js,9b40c5bf,AndresRiera,2025-02-07,14:34:34,-08:00,2025-02-07T14:34:34-08:00,0,53
Projects/projects.js,11,js,9b40c5bf,AndresRiera,2025-02-07,14:34:34,-08:00,2025-02-07T14:34:34-08:00,0,68
Projects/projects.js,12,js,9b40c5bf,AndresRiera,2025-02-07,14:34:34,-08:00,2025-02-07T14:34:34-08:00,0,64
Projects/projects.js,13,js,9b40c5bf,AndresRiera,2025-02-07,14:34:34,-08:00,2025-02-07T14:34:34-08:00,0,0
Projects/projects.js,14,js,9b40c5bf,AndresRiera,2025-02-07,14:34:34,-08:00,2025-02-07T14:34:34-08:00,0,38
Projects/projects.js,15,js,9b40c5bf,AndresRiera,2025-02-07,14:34:34,-08:00,2025-02-07T14:34:34-08:00,0,66
Projects/projects.js,16,js,9b40c5bf,AndresRiera,2025-02-07,14:34:34,-08:00,2025-02-07T14:34:34-08:00,0,51
Projects/projects.js,17,js,9b40c5bf,AndresRiera,2025-02-07,14:34:34,-08:00,2025-02-07T14:34:34-08:00,0,62
Projects/projects.js,18,js,9b40c5bf,AndresRiera,2025-02-07,14:34:34,-08:00,2025-02-07T14:34:34-08:00,0,60
Projects/projects.js,19,js,9b40c5bf,AndresRiera,2025-02-07,14:34:34,-08:00,2025-02-07T14:34:34-08:00,0,47
Projects/projects.js,20,js,9b40c5bf,AndresRiera,2025-02-07,14:34:34,-08:00,2025-02-07T14:34:34-08:00,0,59
Projects/projects.js,21,js,9b40c5bf,AndresRiera,2025-02-07,14:34:34,-08:00,2025-02-07T14:34:34-08:00,0,11
Projects/projects.js,22,js,9b40c5bf,AndresRiera,2025-02-07,14:34:34,-08:00,2025-02-07T14:34:34-08:00,0,14
Projects/projects.js,23,js,9b40c5bf,AndresRiera,2025-02-07,14:34:34,-08:00,2025-02-07T14:34:34-08:00,0,85
Projects/projects.js,24,js,9b40c5bf,AndresRiera,2025-02-07,14:34:34,-08:00,2025-02-07T14:34:34-08:00,0,7
Projects/projects.js,25,js,9b40c5bf,AndresRiera,2025-02-07,14:34:34,-08:00,2025-02-07T14:34:34-08:00,0,5
Projects/projects.js,26,js,9b40c5bf,AndresRiera,2025-02-07,14:34:34,-08:00,2025-02-07T14:34:34-08:00,0,33
Projects/projects.js,27,js,9b40c5bf,AndresRiera,2025-02-07,14:34:34,-08:00,2025-02-07T14:34:34-08:00,0,0
Projects/projects.js,28,js,9b40c5bf,AndresRiera,2025-02-07,14:34:34,-08:00,2025-02-07T14:34:34-08:00,0,39
Projects/projects.js,29,js,9b40c5bf,AndresRiera,2025-02-07,14:34:34,-08:00,2025-02-07T14:34:34-08:00,0,47
Projects/projects.js,30,js,9b40c5bf,AndresRiera,2025-02-07,14:34:34,-08:00,2025-02-07T14:34:34-08:00,0,36
Projects/projects.js,31,js,9b40c5bf,AndresRiera,2025-02-07,14:34:34,-08:00,2025-02-07T14:34:34-08:00,0,25
Projects/projects.js,32,js,9b40c5bf,AndresRiera,2025-02-07,14:34:34,-08:00,2025-02-07T14:34:34-08:00,0,24
Projects/projects.js,33,js,9b40c5bf,AndresRiera,2025-02-07,14:34:34,-08:00,2025-02-07T14:34:34-08:00,0,21
Projects/projects.js,34,js,9b40c5bf,AndresRiera,2025-02-07,14:34:34,-08:00,2025-02-07T14:34:34-08:00,0,8
Projects/projects.js,35,js,9b40c5bf,AndresRiera,2025-02-07,14:34:34,-08:00,2025-02-07T14:34:34-08:00,0,0
Projects/projects.js,36,js,9b40c5bf,AndresRiera,2025-02-07,14:34:34,-08:00,2025-02-07T14:34:34-08:00,0,55
Projects/projects.js,37,js,9b40c5bf,AndresRiera,2025-02-07,14:34:34,-08:00,2025-02-07T14:34:34-08:00,0,21
Projects/projects.js,38,js,9b40c5bf,AndresRiera,2025-02-07,14:34:34,-08:00,2025-02-07T14:34:34-08:00,0,20
Projects/projects.js,39,js,9b40c5bf,AndresRiera,2025-02-07,14:34:34,-08:00,2025-02-07T14:34:34-08:00,0,10
Projects/projects.js,40,js,9b40c5bf,AndresRiera,2025-02-07,14:34:34,-08:00,2025-02-07T14:34:34-08:00,0,0
Projects/projects.js,41,js,9b40c5bf,AndresRiera,2025-02-07,14:34:34,-08:00,2025-02-07T14:34:34-08:00,0,35
Projects/projects.js,42,js,9b40c5bf,AndresRiera,2025-02-07,14:34:34,-08:00,2025-02-07T14:34:34-08:00,0,71
Projects/projects.js,43,js,9b40c5bf,AndresRiera,2025-02-07,14:34:34,-08:00,2025-02-07T14:34:34-08:00,0,0
Projects/projects.js,44,js,9b40c5bf,AndresRiera,2025-02-07,14:34:34,-08:00,2025-02-07T14:34:34-08:00,0,57
Projects/projects.js,45,js,9b40c5bf,AndresRiera,2025-02-07,14:34:34,-08:00,2025-02-07T14:34:34-08:00,0,60
Projects/projects.js,46,js,9b40c5bf,AndresRiera,2025-02-07,14:34:34,-08:00,2025-02-07T14:34:34-08:00,0,43
Projects/projects.js,47,js,9b40c5bf,AndresRiera,2025-02-07,14:34:34,-08:00,2025-02-07T14:34:34-08:00,0,67
Projects/projects.js,48,js,9b40c5bf,AndresRiera,2025-02-07,14:34:34,-08:00,2025-02-07T14:34:34-08:00,0,0
Projects/projects.js,49,js,9b40c5bf,AndresRiera,2025-02-07,14:34:34,-08:00,2025-02-07T14:34:34-08:00,0,24
Projects/projects.js,50,js,9b40c5bf,AndresRiera,2025-02-07,14:34:34,-08:00,2025-02-07T14:34:34-08:00,0,35
Projects/projects.js,51,js,9b40c5bf,AndresRiera,2025-02-07,14:34:34,-08:00,2025-02-07T14:34:34-08:00,0,11
Projects/projects.js,52,js,9b40c5bf,AndresRiera,2025-02-07,14:34:34,-08:00,2025-02-07T14:34:34-08:00,0,25
Projects/projects.js,53,js,9b40c5bf,AndresRiera,2025-02-07,14:34:34,-08:00,2025-02-07T14:34:34-08:00,0,37
Projects/projects.js,54,js,9b40c5bf,AndresRiera,2025-02-07,14:34:34,-08:00,2025-02-07T14:34:34-08:00,0,37
Projects/projects.js,55,js,9b40c5bf,AndresRiera,2025-02-07,14:34:34,-08:00,2025-02-07T14:34:34-08:00,0,9
Projects/projects.js,56,js,9b40c5bf,AndresRiera,2025-02-07,14:34:34,-08:00,2025-02-07T14:34:34-08:00,0,0
Projects/projects.js,57,js,9b40c5bf,AndresRiera,2025-02-07,14:34:34,-08:00,2025-02-07T14:34:34-08:00,0,24
Projects/projects.js,58,js,9b40c5bf,AndresRiera,2025-02-07,14:34:34,-08:00,2025-02-07T14:34:34-08:00,0,42
Projects/projects.js,59,js,9b40c5bf,AndresRiera,2025-02-07,14:34:34,-08:00,2025-02-07T14:34:34-08:00,0,68
Projects/projects.js,60,js,9b40c5bf,AndresRiera,2025-02-07,14:34:34,-08:00,2025-02-07T14:34:34-08:00,0,32
Projects/projects.js,61,js,9b40c5bf,AndresRiera,2025-02-07,14:34:34,-08:00,2025-02-07T14:34:34-08:00,0,31
Projects/projects.js,62,js,9b40c5bf,AndresRiera,2025-02-07,14:34:34,-08:00,2025-02-07T14:34:34-08:00,0,23
Projects/projects.js,63,js,9b40c5bf,AndresRiera,2025-02-07,14:34:34,-08:00,2025-02-07T14:34:34-08:00,0,42
Projects/projects.js,64,js,9b40c5bf,AndresRiera,2025-02-07,14:34:34,-08:00,2025-02-07T14:34:34-08:00,0,41
Projects/projects.js,65,js,9b40c5bf,AndresRiera,2025-02-07,14:34:34,-08:00,2025-02-07T14:34:34-08:00,0,31
Projects/projects.js,66,js,9b40c5bf,AndresRiera,2025-02-07,14:34:34,-08:00,2025-02-07T14:34:34-08:00,0,16
Projects/projects.js,67,js,9b40c5bf,AndresRiera,2025-02-07,14:34:34,-08:00,2025-02-07T14:34:34-08:00,0,25
Projects/projects.js,68,js,9b40c5bf,AndresRiera,2025-02-07,14:34:34,-08:00,2025-02-07T14:34:34-08:00,0,49
Projects/projects.js,69,js,9b40c5bf,AndresRiera,2025-02-07,14:34:34,-08:00,2025-02-07T14:34:34-08:00,0,33
Projects/projects.js,70,js,9b40c5bf,AndresRiera,2025-02-07,14:34:34,-08:00,2025-02-07T14:34:34-08:00,0,34
Projects/projects.js,71,js,9b40c5bf,AndresRiera,2025-02-07,14:34:34,-08:00,2025-02-07T14:34:34-08:00,0,40
Projects/projects.js,72,js,9b40c5bf,AndresRiera,2025-02-07,14:34:34,-08:00,2025-02-07T14:34:34-08:00,0,44
Projects/projects.js,73,js,9b40c5bf,AndresRiera,2025-02-07,14:34:34,-08:00,2025-02-07T14:34:34-08:00,0,64
Projects/projects.js,74,js,9b40c5bf,AndresRiera,2025-02-07,14:34:34,-08:00,2025-02-07T14:34:34-08:00,0,9
Projects/projects.js,75,js,9b40c5bf,AndresRiera,2025-02-07,14:34:34,-08:00,2025-02-07T14:34:34-08:00,0,5
Projects/projects.js,76,js,9b40c5bf,AndresRiera,2025-02-07,14:34:34,-08:00,2025-02-07T14:34:34-08:00,0,0
Projects/projects.js,77,js,9b40c5bf,AndresRiera,2025-02-07,14:34:34,-08:00,2025-02-07T14:34:34-08:00,0,34
Projects/projects.js,78,js,9b40c5bf,AndresRiera,2025-02-07,14:34:34,-08:00,2025-02-07T14:34:34-08:00,0,29
Projects/projects.js,79,js,9b40c5bf,AndresRiera,2025-02-07,14:34:34,-08:00,2025-02-07T14:34:34-08:00,0,0
Projects/projects.js,80,js,9b40c5bf,AndresRiera,2025-02-07,14:34:34,-08:00,2025-02-07T14:34:34-08:00,0,27
Projects/projects.js,81,js,9b40c5bf,AndresRiera,2025-02-07,14:34:34,-08:00,2025-02-07T14:34:34-08:00,0,61
Projects/projects.js,82,js,9b40c5bf,AndresRiera,2025-02-07,14:34:34,-08:00,2025-02-07T14:34:34-08:00,0,54
Projects/projects.js,83,js,9b40c5bf,AndresRiera,2025-02-07,14:34:34,-08:00,2025-02-07T14:34:34-08:00,0,53
Projects/projects.js,84,js,9b40c5bf,AndresRiera,2025-02-07,14:34:34,-08:00,2025-02-07T14:34:34-08:00,0,0
Projects/projects.js,85,js,9b40c5bf,AndresRiera,2025-02-07,14:34:34,-08:00,2025-02-07T14:34:34-08:00,0,46
Projects/projects.js,86,js,9b40c5bf,AndresRiera,2025-02-07,14:34:34,-08:00,2025-02-07T14:34:34-08:00,0,61
Projects/projects.js,87,js,9b40c5bf,AndresRiera,2025-02-07,14:34:34,-08:00,2025-02-07T14:34:34-08:00,0,71
Projects/projects.js,88,js,9b40c5bf,AndresRiera,2025-02-07,14:34:34,-08:00,2025-02-07T14:34:34-08:00,0,38
Projects/projects.js,89,js,9b40c5bf,AndresRiera,2025-02-07,14:34:34,-08:00,2025-02-07T14:34:34-08:00,0,9
Projects/projects.js,90,js,9b40c5bf,AndresRiera,2025-02-07,14:34:34,-08:00,2025-02-07T14:34:34-08:00,0,0
Projects/projects.js,91,js,9b40c5bf,AndresRiera,2025-02-07,14:34:34,-08:00,2025-02-07T14:34:34-08:00,0,43
Projects/projects.js,92,js,9b40c5bf,AndresRiera,2025-02-07,14:34:34,-08:00,2025-02-07T14:34:34-08:00,0,43
Projects/projects.js,93,js,9b40c5bf,AndresRiera,2025-02-07,14:34:34,-08:00,2025-02-07T14:34:34-08:00,0,39
Projects/projects.js,94,js,9b40c5bf,AndresRiera,2025-02-07,14:34:34,-08:00,2025-02-07T14:34:34-08:00,0,7
Projects/projects.js,95,js,9b40c5bf,AndresRiera,2025-02-07,14:34:34,-08:00,2025-02-07T14:34:34-08:00,0,7
Projects/projects.js,96,js,9b40c5bf,AndresRiera,2025-02-07,14:34:34,-08:00,2025-02-07T14:34:34-08:00,0,0
Projects/projects.js,97,js,ab9c7f66,AndresRiera,2025-02-07,12:14:40,-08:00,2025-02-07T12:14:40-08:00,0,64
Projects/projects.js,98,js,ab9c7f66,AndresRiera,2025-02-07,12:14:40,-08:00,2025-02-07T12:14:40-08:00,0,56
Projects/projects.js,99,js,0871c1a4,AndresRiera,2025-01-31,15:53:58,-08:00,2025-01-31T15:53:58-08:00,0,0
Projects/projects.js,100,js,0871c1a4,AndresRiera,2025-01-31,15:53:58,-08:00,2025-01-31T15:53:58-08:00,0,13
Projects/projects.js,101,js,ab9c7f66,AndresRiera,2025-02-07,12:14:40,-08:00,2025-02-07T12:14:40-08:00,0,20
Projects/projects.js,102,js,ab9c7f66,AndresRiera,2025-02-07,12:14:40,-08:00,2025-02-07T12:14:40-08:00,0,56
Projects/projects.js,103,js,ab9c7f66,AndresRiera,2025-02-07,12:14:40,-08:00,2025-02-07T12:14:40-08:00,0,0
Projects/projects.js,104,js,ab9c7f66,AndresRiera,2025-02-07,12:14:40,-08:00,2025-02-07T12:14:40-08:00,0,48
Projects/projects.js,105,js,ab9c7f66,AndresRiera,2025-02-07,12:14:40,-08:00,2025-02-07T12:14:40-08:00,0,63
Projects/projects.js,106,js,ab9c7f66,AndresRiera,2025-02-07,12:14:40,-08:00,2025-02-07T12:14:40-08:00,0,59
Projects/projects.js,107,js,ab9c7f66,AndresRiera,2025-02-07,12:14:40,-08:00,2025-02-07T12:14:40-08:00,0,0
Projects/projects.js,108,js,ab9c7f66,AndresRiera,2025-02-07,12:14:40,-08:00,2025-02-07T12:14:40-08:00,0,33
Projects/projects.js,109,js,ab9c7f66,AndresRiera,2025-02-07,12:14:40,-08:00,2025-02-07T12:14:40-08:00,0,61
Projects/projects.js,110,js,45339adc,AndresRiera,2025-02-07,14:27:36,-08:00,2025-02-07T14:27:36-08:00,0,46
Projects/projects.js,111,js,45339adc,AndresRiera,2025-02-07,14:27:36,-08:00,2025-02-07T14:27:36-08:00,0,55
Projects/projects.js,112,js,45339adc,AndresRiera,2025-02-07,14:27:36,-08:00,2025-02-07T14:27:36-08:00,0,53
Projects/projects.js,113,js,45339adc,AndresRiera,2025-02-07,14:27:36,-08:00,2025-02-07T14:27:36-08:00,0,38
Projects/projects.js,114,js,45339adc,AndresRiera,2025-02-07,14:27:36,-08:00,2025-02-07T14:27:36-08:00,0,48
Projects/projects.js,115,js,45339adc,AndresRiera,2025-02-07,14:27:36,-08:00,2025-02-07T14:27:36-08:00,0,2
Projects/projects.js,116,js,45339adc,AndresRiera,2025-02-07,14:27:36,-08:00,2025-02-07T14:27:36-08:00,0,7
Projects/projects.js,117,js,45339adc,AndresRiera,2025-02-07,14:27:36,-08:00,2025-02-07T14:27:36-08:00,0,76
Projects/projects.js,118,js,45339adc,AndresRiera,2025-02-07,14:27:36,-08:00,2025-02-07T14:27:36-08:00,0,0
Projects/projects.js,119,js,45339adc,AndresRiera,2025-02-07,14:27:36,-08:00,2025-02-07T14:27:36-08:00,0,0
Projects/projects.js,120,js,45339adc,AndresRiera,2025-02-07,14:27:36,-08:00,2025-02-07T14:27:36-08:00,0,28
Projects/projects.js,121,js,45339adc,AndresRiera,2025-02-07,14:27:36,-08:00,2025-02-07T14:27:36-08:00,0,0
Projects/projects.js,122,js,9b40c5bf,AndresRiera,2025-02-07,14:34:34,-08:00,2025-02-07T14:34:34-08:00,0,61
Projects/projects.js,123,js,9b40c5bf,AndresRiera,2025-02-07,14:34:34,-08:00,2025-02-07T14:34:34-08:00,0,0
Projects/projects.js,124,js,45339adc,AndresRiera,2025-02-07,14:27:36,-08:00,2025-02-07T14:27:36-08:00,0,34
Projects/projects.js,125,js,45339adc,AndresRiera,2025-02-07,14:27:36,-08:00,2025-02-07T14:27:36-08:00,0,42
Projects/projects.js,126,js,45339adc,AndresRiera,2025-02-07,14:27:36,-08:00,2025-02-07T14:27:36-08:00,0,29
Projects/projects.js,127,js,45339adc,AndresRiera,2025-02-07,14:27:36,-08:00,2025-02-07T14:27:36-08:00,0,16
Projects/projects.js,128,js,45339adc,AndresRiera,2025-02-07,14:27:36,-08:00,2025-02-07T14:27:36-08:00,0,15
Projects/projects.js,129,js,45339adc,AndresRiera,2025-02-07,14:27:36,-08:00,2025-02-07T14:27:36-08:00,0,12
Projects/projects.js,130,js,45339adc,AndresRiera,2025-02-07,14:27:36,-08:00,2025-02-07T14:27:36-08:00,0,1
Projects/projects.js,131,js,45339adc,AndresRiera,2025-02-07,14:27:36,-08:00,2025-02-07T14:27:36-08:00,0,0
Projects/projects.js,132,js,45339adc,AndresRiera,2025-02-07,14:27:36,-08:00,2025-02-07T14:27:36-08:00,0,48
Projects/projects.js,133,js,45339adc,AndresRiera,2025-02-07,14:27:36,-08:00,2025-02-07T14:27:36-08:00,0,12
Projects/projects.js,134,js,45339adc,AndresRiera,2025-02-07,14:27:36,-08:00,2025-02-07T14:27:36-08:00,0,11
Projects/projects.js,135,js,45339adc,AndresRiera,2025-02-07,14:27:36,-08:00,2025-02-07T14:27:36-08:00,0,3
Projects/projects.js,136,js,45339adc,AndresRiera,2025-02-07,14:27:36,-08:00,2025-02-07T14:27:36-08:00,0,0
Projects/projects.js,137,js,45339adc,AndresRiera,2025-02-07,14:27:36,-08:00,2025-02-07T14:27:36-08:00,0,28
Projects/projects.js,138,js,45339adc,AndresRiera,2025-02-07,14:27:36,-08:00,2025-02-07T14:27:36-08:00,0,64
Projects/projects.js,139,js,45339adc,AndresRiera,2025-02-07,14:27:36,-08:00,2025-02-07T14:27:36-08:00,0,0
Projects/projects.js,140,js,45339adc,AndresRiera,2025-02-07,14:27:36,-08:00,2025-02-07T14:27:36-08:00,0,50
Projects/projects.js,141,js,45339adc,AndresRiera,2025-02-07,14:27:36,-08:00,2025-02-07T14:27:36-08:00,0,53
Projects/projects.js,142,js,45339adc,AndresRiera,2025-02-07,14:27:36,-08:00,2025-02-07T14:27:36-08:00,0,36
Projects/projects.js,143,js,45339adc,AndresRiera,2025-02-07,14:27:36,-08:00,2025-02-07T14:27:36-08:00,0,60
Projects/projects.js,144,js,45339adc,AndresRiera,2025-02-07,14:27:36,-08:00,2025-02-07T14:27:36-08:00,0,0
Projects/projects.js,145,js,45339adc,AndresRiera,2025-02-07,14:27:36,-08:00,2025-02-07T14:27:36-08:00,0,17
Projects/projects.js,146,js,9b40c5bf,AndresRiera,2025-02-07,14:34:34,-08:00,2025-02-07T14:34:34-08:00,0,35
Projects/projects.js,147,js,9b40c5bf,AndresRiera,2025-02-07,14:34:34,-08:00,2025-02-07T14:34:34-08:00,0,13
Projects/projects.js,148,js,9b40c5bf,AndresRiera,2025-02-07,14:34:34,-08:00,2025-02-07T14:34:34-08:00,0,7
Projects/projects.js,149,js,9b40c5bf,AndresRiera,2025-02-07,14:34:34,-08:00,2025-02-07T14:34:34-08:00,0,14
Projects/projects.js,150,js,9b40c5bf,AndresRiera,2025-02-07,14:34:34,-08:00,2025-02-07T14:34:34-08:00,0,23
Projects/projects.js,151,js,9b40c5bf,AndresRiera,2025-02-07,14:34:34,-08:00,2025-02-07T14:34:34-08:00,0,37
Projects/projects.js,152,js,9b40c5bf,AndresRiera,2025-02-07,14:34:34,-08:00,2025-02-07T14:34:34-08:00,0,25
Projects/projects.js,153,js,9b40c5bf,AndresRiera,2025-02-07,14:34:34,-08:00,2025-02-07T14:34:34-08:00,0,23
Projects/projects.js,154,js,9b40c5bf,AndresRiera,2025-02-07,14:34:34,-08:00,2025-02-07T14:34:34-08:00,0,29
Projects/projects.js,155,js,9b40c5bf,AndresRiera,2025-02-07,14:34:34,-08:00,2025-02-07T14:34:34-08:00,0,2
Projects/projects.js,156,js,45339adc,AndresRiera,2025-02-07,14:27:36,-08:00,2025-02-07T14:27:36-08:00,0,0
Projects/projects.js,157,js,45339adc,AndresRiera,2025-02-07,14:27:36,-08:00,2025-02-07T14:27:36-08:00,0,17
Projects/projects.js,158,js,45339adc,AndresRiera,2025-02-07,14:27:36,-08:00,2025-02-07T14:27:36-08:00,0,35
Projects/projects.js,159,js,45339adc,AndresRiera,2025-02-07,14:27:36,-08:00,2025-02-07T14:27:36-08:00,0,61
Projects/projects.js,160,js,9b40c5bf,AndresRiera,2025-02-07,14:34:34,-08:00,2025-02-07T14:34:34-08:00,0,41
Projects/projects.js,161,js,9b40c5bf,AndresRiera,2025-02-07,14:34:34,-08:00,2025-02-07T14:34:34-08:00,0,10
Projects/projects.js,162,js,9b40c5bf,AndresRiera,2025-02-07,14:34:34,-08:00,2025-02-07T14:34:34-08:00,0,7
Projects/projects.js,163,js,9b40c5bf,AndresRiera,2025-02-07,14:34:34,-08:00,2025-02-07T14:34:34-08:00,0,12
Projects/projects.js,164,js,9b40c5bf,AndresRiera,2025-02-07,14:34:34,-08:00,2025-02-07T14:34:34-08:00,0,31
Projects/projects.js,165,js,9b40c5bf,AndresRiera,2025-02-07,14:34:34,-08:00,2025-02-07T14:34:34-08:00,0,30
Projects/projects.js,166,js,9b40c5bf,AndresRiera,2025-02-07,14:34:34,-08:00,2025-02-07T14:34:34-08:00,0,19
Projects/projects.js,167,js,9b40c5bf,AndresRiera,2025-02-07,14:34:34,-08:00,2025-02-07T14:34:34-08:00,0,26
Projects/projects.js,168,js,9b40c5bf,AndresRiera,2025-02-07,14:34:34,-08:00,2025-02-07T14:34:34-08:00,0,23
Projects/projects.js,169,js,9b40c5bf,AndresRiera,2025-02-07,14:34:34,-08:00,2025-02-07T14:34:34-08:00,0,24
Projects/projects.js,170,js,9b40c5bf,AndresRiera,2025-02-07,14:34:34,-08:00,2025-02-07T14:34:34-08:00,0,2
Projects/projects.js,171,js,9b40c5bf,AndresRiera,2025-02-07,14:34:34,-08:00,2025-02-07T14:34:34-08:00,0,0
Projects/projects.js,172,js,9b40c5bf,AndresRiera,2025-02-07,14:34:34,-08:00,2025-02-07T14:34:34-08:00,0,10
Projects/projects.js,173,js,9b40c5bf,AndresRiera,2025-02-07,14:34:34,-08:00,2025-02-07T14:34:34-08:00,0,14
Projects/projects.js,174,js,9b40c5bf,AndresRiera,2025-02-07,14:34:34,-08:00,2025-02-07T14:34:34-08:00,0,50
Projects/projects.js,175,js,9b40c5bf,AndresRiera,2025-02-07,14:34:34,-08:00,2025-02-07T14:34:34-08:00,0,22
Projects/projects.js,176,js,9b40c5bf,AndresRiera,2025-02-07,14:34:34,-08:00,2025-02-07T14:34:34-08:00,0,23
Projects/projects.js,177,js,9b40c5bf,AndresRiera,2025-02-07,14:34:34,-08:00,2025-02-07T14:34:34-08:00,0,29
Projects/projects.js,178,js,9b40c5bf,AndresRiera,2025-02-07,14:34:34,-08:00,2025-02-07T14:34:34-08:00,0,33
Projects/projects.js,179,js,9b40c5bf,AndresRiera,2025-02-07,14:34:34,-08:00,2025-02-07T14:34:34-08:00,0,0
Projects/projects.js,180,js,9b40c5bf,AndresRiera,2025-02-07,14:34:34,-08:00,2025-02-07T14:34:34-08:00,0,63
Projects/projects.js,181,js,ab9c7f66,AndresRiera,2025-02-07,12:14:40,-08:00,2025-02-07T12:14:40-08:00,0,0
Projects/projects.js,182,js,ab9c7f66,AndresRiera,2025-02-07,12:14:40,-08:00,2025-02-07T12:14:40-08:00,0,0
Projects/projects.js,183,js,9b40c5bf,AndresRiera,2025-02-07,14:34:34,-08:00,2025-02-07T14:34:34-08:00,0,44
Projects/projects.js,184,js,9b40c5bf,AndresRiera,2025-02-07,14:34:34,-08:00,2025-02-07T14:34:34-08:00,0,31
Projects/projects.js,185,js,9b40c5bf,AndresRiera,2025-02-07,14:34:34,-08:00,2025-02-07T14:34:34-08:00,0,50
Projects/projects.js,186,js,9b40c5bf,AndresRiera,2025-02-07,14:34:34,-08:00,2025-02-07T14:34:34-08:00,0,15
Projects/projects.js,187,js,9b40c5bf,AndresRiera,2025-02-07,14:34:34,-08:00,2025-02-07T14:34:34-08:00,0,0
Projects/projects.js,188,js,ab9c7f66,AndresRiera,2025-02-07,12:14:40,-08:00,2025-02-07T12:14:40-08:00,0,0
Projects/projects.js,189,js,45339adc,AndresRiera,2025-02-07,14:27:36,-08:00,2025-02-07T14:27:36-08:00,0,22
Projects/projects.js,190,js,45339adc,AndresRiera,2025-02-07,14:27:36,-08:00,2025-02-07T14:27:36-08:00,0,56
Projects/projects.js,191,js,9b40c5bf,AndresRiera,2025-02-07,14:34:34,-08:00,2025-02-07T14:34:34-08:00,0,52
Projects/projects.js,192,js,9b40c5bf,AndresRiera,2025-02-07,14:34:34,-08:00,2025-02-07T14:34:34-08:00,0,0
Projects/projects.js,193,js,9b40c5bf,AndresRiera,2025-02-07,14:34:34,-08:00,2025-02-07T14:34:34-08:00,0,72
Projects/projects.js,194,js,9b40c5bf,AndresRiera,2025-02-07,14:34:34,-08:00,2025-02-07T14:34:34-08:00,0,25
Projects/projects.js,195,js,9b40c5bf,AndresRiera,2025-02-07,14:34:34,-08:00,2025-02-07T14:34:34-08:00,0,45
Projects/projects.js,196,js,ab9c7f66,AndresRiera,2025-02-07,12:14:40,-08:00,2025-02-07T12:14:40-08:00,0,0
Projects/projects.js,197,js,9b40c5bf,AndresRiera,2025-02-07,14:34:34,-08:00,2025-02-07T14:34:34-08:00,0,31
Projects/projects.js,198,js,9b40c5bf,AndresRiera,2025-02-07,14:34:34,-08:00,2025-02-07T14:34:34-08:00,0,0
Projects/projects.js,199,js,9b40c5bf,AndresRiera,2025-02-07,14:34:34,-08:00,2025-02-07T14:34:34-08:00,0,49
Projects/projects.js,200,js,9b40c5bf,AndresRiera,2025-02-07,14:34:34,-08:00,2025-02-07T14:34:34-08:00,0,18
Projects/projects.js,201,js,9b40c5bf,AndresRiera,2025-02-07,14:34:34,-08:00,2025-02-07T14:34:34-08:00,0,84
Projects/projects.js,202,js,9b40c5bf,AndresRiera,2025-02-07,14:34:34,-08:00,2025-02-07T14:34:34-08:00,0,0
Projects/projects.js,203,js,9b40c5bf,AndresRiera,2025-02-07,14:34:34,-08:00,2025-02-07T14:34:34-08:00,0,0
Projects/projects.js,204,js,41b9d012,AndresRiera,2025-02-07,14:42:32,-08:00,2025-02-07T14:42:32-08:00,0,20
Projects/projects.js,205,js,9b40c5bf,AndresRiera,2025-02-07,14:34:34,-08:00,2025-02-07T14:34:34-08:00,0,11
Projects/projects.js,206,js,9b40c5bf,AndresRiera,2025-02-07,14:34:34,-08:00,2025-02-07T14:34:34-08:00,0,56
Projects/projects.js,207,js,9b40c5bf,AndresRiera,2025-02-07,14:34:34,-08:00,2025-02-07T14:34:34-08:00,0,62
Projects/projects.js,208,js,9b40c5bf,AndresRiera,2025-02-07,14:34:34,-08:00,2025-02-07T14:34:34-08:00,0,29
Projects/projects.js,209,js,9b40c5bf,AndresRiera,2025-02-07,14:34:34,-08:00,2025-02-07T14:34:34-08:00,0,2
Projects/projects.js,210,js,9b40c5bf,AndresRiera,2025-02-07,14:34:34,-08:00,2025-02-07T14:34:34-08:00,0,0
Projects/projects.js,211,js,ab9c7f66,AndresRiera,2025-02-07,12:14:40,-08:00,2025-02-07T12:14:40-08:00,0,0
Projects/projects.js,212,js,45339adc,AndresRiera,2025-02-07,14:27:36,-08:00,2025-02-07T14:27:36-08:00,0,36
Projects/projects.js,213,js,45339adc,AndresRiera,2025-02-07,14:27:36,-08:00,2025-02-07T14:27:36-08:00,0,36
Projects/projects.js,214,js,45339adc,AndresRiera,2025-02-07,14:27:36,-08:00,2025-02-07T14:27:36-08:00,0,32
Projects/projects.js,215,js,9b40c5bf,AndresRiera,2025-02-07,14:34:34,-08:00,2025-02-07T14:34:34-08:00,0,0
Projects/projects.js,216,js,ab9c7f66,AndresRiera,2025-02-07,12:14:40,-08:00,2025-02-07T12:14:40-08:00,0,0
Projects/projects.js,217,js,9b40c5bf,AndresRiera,2025-02-07,14:34:34,-08:00,2025-02-07T14:34:34-08:00,0,29
Projects/projects.js,218,js,9b40c5bf,AndresRiera,2025-02-07,14:34:34,-08:00,2025-02-07T14:34:34-08:00,0,24
Projects/projects.js,219,js,9b40c5bf,AndresRiera,2025-02-07,14:34:34,-08:00,2025-02-07T14:34:34-08:00,0,4
Projects/projects.html,1,html,a0c381f5,AndresRiera,2025-01-22,17:52:16,-08:00,2025-01-22T17:52:16-08:00,0,14
Projects/projects.html,2,html,a0c381f5,AndresRiera,2025-01-22,17:52:16,-08:00,2025-01-22T17:52:16-08:00,0,15
Projects/projects.html,3,html,a0c381f5,AndresRiera,2025-01-22,17:52:16,-08:00,2025-01-22T17:52:16-08:00,0,5
Projects/projects.html,4,html,a0c381f5,AndresRiera,2025-01-22,17:52:16,-08:00,2025-01-22T17:52:16-08:00,0,21
Projects/projects.html,5,html,a0c381f5,AndresRiera,2025-01-22,17:52:16,-08:00,2025-01-22T17:52:16-08:00,0,69
Projects/projects.html,6,html,a0c381f5,AndresRiera,2025-01-22,17:52:16,-08:00,2025-01-22T17:52:16-08:00,0,51
Projects/projects.html,7,html,9fe7799d,AndresRiera,2025-01-22,18:00:48,-08:00,2025-01-22T18:00:48-08:00,0,42
Projects/projects.html,8,html,630f3d8a,AndresRiera,2025-01-22,18:17:59,-08:00,2025-01-22T18:17:59-08:00,0,49
Projects/projects.html,9,html,1f484e6e,AndresRiera,2025-01-31,16:00:55,-08:00,2025-01-31T16:00:55-08:00,0,50
Projects/projects.html,10,html,a0c381f5,AndresRiera,2025-01-22,17:52:16,-08:00,2025-01-22T17:52:16-08:00,0,6
Projects/projects.html,11,html,a0c381f5,AndresRiera,2025-01-22,17:52:16,-08:00,2025-01-22T17:52:16-08:00,0,5
Projects/projects.html,12,html,2945f34a,AndresRiera,2025-02-07,15:13:41,-08:00,2025-02-07T15:13:41-08:00,0,39
Projects/projects.html,13,html,ab9c7f66,AndresRiera,2025-02-07,12:14:40,-08:00,2025-02-07T12:14:40-08:00,0,54
Projects/projects.html,14,html,ab9c7f66,AndresRiera,2025-02-07,12:14:40,-08:00,2025-02-07T12:14:40-08:00,0,69
Projects/projects.html,15,html,ab9c7f66,AndresRiera,2025-02-07,12:14:40,-08:00,2025-02-07T12:14:40-08:00,0,9
Projects/projects.html,16,html,ab9c7f66,AndresRiera,2025-02-07,12:14:40,-08:00,2025-02-07T12:14:40-08:00,0,0
Projects/projects.html,17,html,ab9c7f66,AndresRiera,2025-02-07,12:14:40,-08:00,2025-02-07T12:14:40-08:00,0,22
Projects/projects.html,18,html,ab9c7f66,AndresRiera,2025-02-07,12:14:40,-08:00,2025-02-07T12:14:40-08:00,0,30
Projects/projects.html,19,html,ab9c7f66,AndresRiera,2025-02-07,12:14:40,-08:00,2025-02-07T12:14:40-08:00,0,5
Projects/projects.html,20,html,ab9c7f66,AndresRiera,2025-02-07,12:14:40,-08:00,2025-02-07T12:14:40-08:00,0,0
Projects/projects.html,21,html,ab9c7f66,AndresRiera,2025-02-07,12:14:40,-08:00,2025-02-07T12:14:40-08:00,0,23
Projects/projects.html,22,html,ab9c7f66,AndresRiera,2025-02-07,12:14:40,-08:00,2025-02-07T12:14:40-08:00,0,5
Projects/projects.html,23,html,ab9c7f66,AndresRiera,2025-02-07,12:14:40,-08:00,2025-02-07T12:14:40-08:00,0,0
Projects/projects.html,24,html,ab9c7f66,AndresRiera,2025-02-07,12:14:40,-08:00,2025-02-07T12:14:40-08:00,0,5
Projects/projects.html,25,html,ab9c7f66,AndresRiera,2025-02-07,12:14:40,-08:00,2025-02-07T12:14:40-08:00,0,16
Projects/projects.html,26,html,ab9c7f66,AndresRiera,2025-02-07,12:14:40,-08:00,2025-02-07T12:14:40-08:00,0,12
Projects/projects.html,27,html,ab9c7f66,AndresRiera,2025-02-07,12:14:40,-08:00,2025-02-07T12:14:40-08:00,0,27
Projects/projects.html,28,html,ab9c7f66,AndresRiera,2025-02-07,12:14:40,-08:00,2025-02-07T12:14:40-08:00,0,32
Projects/projects.html,29,html,ab9c7f66,AndresRiera,2025-02-07,12:14:40,-08:00,2025-02-07T12:14:40-08:00,0,1
Projects/projects.html,30,html,ab9c7f66,AndresRiera,2025-02-07,12:14:40,-08:00,2025-02-07T12:14:40-08:00,0,0
Projects/projects.html,31,html,ab9c7f66,AndresRiera,2025-02-07,12:14:40,-08:00,2025-02-07T12:14:40-08:00,0,0
Projects/projects.html,32,html,2945f34a,AndresRiera,2025-02-07,15:13:41,-08:00,2025-02-07T15:13:41-08:00,0,0
Projects/projects.html,33,html,bb90600f,AndresRiera,2025-01-31,09:41:36,-08:00,2025-01-31T09:41:36-08:00,0,27
Projects/projects.html,34,html,a0c381f5,AndresRiera,2025-01-22,17:52:16,-08:00,2025-01-22T17:52:16-08:00,0,5
Projects/projects.html,35,html,bb90600f,AndresRiera,2025-01-31,09:41:36,-08:00,2025-01-31T09:41:36-08:00,0,0
Projects/projects.html,36,html,bb90600f,AndresRiera,2025-01-31,09:41:36,-08:00,2025-01-31T09:41:36-08:00,0,0
Projects/projects.html,37,html,bb90600f,AndresRiera,2025-01-31,09:41:36,-08:00,2025-01-31T09:41:36-08:00,0,0
Projects/projects.html,38,html,a0c381f5,AndresRiera,2025-01-22,17:52:16,-08:00,2025-01-22T17:52:16-08:00,0,6
Projects/projects.html,39,html,a0c381f5,AndresRiera,2025-01-22,17:52:16,-08:00,2025-01-22T17:52:16-08:00,0,6
Contact/contact.html,1,html,a0c381f5,AndresRiera,2025-01-22,17:52:16,-08:00,2025-01-22T17:52:16-08:00,0,14
Contact/contact.html,2,html,a0c381f5,AndresRiera,2025-01-22,17:52:16,-08:00,2025-01-22T17:52:16-08:00,0,15
Contact/contact.html,3,html,a0c381f5,AndresRiera,2025-01-22,17:52:16,-08:00,2025-01-22T17:52:16-08:00,0,5
Contact/contact.html,4,html,a0c381f5,AndresRiera,2025-01-22,17:52:16,-08:00,2025-01-22T17:52:16-08:00,0,21
Contact/contact.html,5,html,a0c381f5,AndresRiera,2025-01-22,17:52:16,-08:00,2025-01-22T17:52:16-08:00,0,69
Contact/contact.html,6,html,a0c381f5,AndresRiera,2025-01-22,17:52:16,-08:00,2025-01-22T17:52:16-08:00,0,50
Contact/contact.html,7,html,9fe7799d,AndresRiera,2025-01-22,18:00:48,-08:00,2025-01-22T18:00:48-08:00,0,42
Contact/contact.html,8,html,630f3d8a,AndresRiera,2025-01-22,18:17:59,-08:00,2025-01-22T18:17:59-08:00,0,49
Contact/contact.html,9,html,a0c381f5,AndresRiera,2025-01-22,17:52:16,-08:00,2025-01-22T17:52:16-08:00,0,6
Contact/contact.html,10,html,a0c381f5,AndresRiera,2025-01-22,17:52:16,-08:00,2025-01-22T17:52:16-08:00,0,5
Contact/contact.html,11,html,a0c381f5,AndresRiera,2025-01-22,17:52:16,-08:00,2025-01-22T17:52:16-08:00,0,15
Contact/contact.html,12,html,fd346318,AndresRiera,2025-01-24,13:29:40,-08:00,2025-01-24T13:29:40-08:00,0,84
Contact/contact.html,13,html,a0c381f5,AndresRiera,2025-01-22,17:52:16,-08:00,2025-01-22T17:52:16-08:00,0,0
Contact/contact.html,14,html,a0c381f5,AndresRiera,2025-01-22,17:52:16,-08:00,2025-01-22T17:52:16-08:00,0,37
Contact/contact.html,15,html,a0c381f5,AndresRiera,2025-01-22,17:52:16,-08:00,2025-01-22T17:52:16-08:00,0,52
Contact/contact.html,16,html,a0c381f5,AndresRiera,2025-01-22,17:52:16,-08:00,2025-01-22T17:52:16-08:00,0,0
Contact/contact.html,17,html,a0c381f5,AndresRiera,2025-01-22,17:52:16,-08:00,2025-01-22T17:52:16-08:00,0,36
Contact/contact.html,18,html,a0c381f5,AndresRiera,2025-01-22,17:52:16,-08:00,2025-01-22T17:52:16-08:00,0,55
Contact/contact.html,19,html,a0c381f5,AndresRiera,2025-01-22,17:52:16,-08:00,2025-01-22T17:52:16-08:00,0,0
Contact/contact.html,20,html,a0c381f5,AndresRiera,2025-01-22,17:52:16,-08:00,2025-01-22T17:52:16-08:00,0,33
Contact/contact.html,21,html,a0c381f5,AndresRiera,2025-01-22,17:52:16,-08:00,2025-01-22T17:52:16-08:00,0,60
Contact/contact.html,22,html,a0c381f5,AndresRiera,2025-01-22,17:52:16,-08:00,2025-01-22T17:52:16-08:00,0,0
Contact/contact.html,23,html,a0c381f5,AndresRiera,2025-01-22,17:52:16,-08:00,2025-01-22T17:52:16-08:00,0,28
Contact/contact.html,24,html,a0c381f5,AndresRiera,2025-01-22,17:52:16,-08:00,2025-01-22T17:52:16-08:00,0,6
Contact/contact.html,25,html,a0c381f5,AndresRiera,2025-01-22,17:52:16,-08:00,2025-01-22T17:52:16-08:00,0,6
Contact/contact.html,26,html,a0c381f5,AndresRiera,2025-01-22,17:52:16,-08:00,2025-01-22T17:52:16-08:00,0,6
